0,0,0,0,0,0,0.078334,0.24501,0.40369,0.57321,0.70118,0.84453,0.80532,0.081812,0.17822,0.16533,0.035034,0.16929,0.089614,0.027182,0,0,0,0
0,0,0,0,0,0,0.0059448,0.056667,0.22311,0.5336,0.69465,0.66715,0.57644,0.59086,0.49571,0.51061,0.13355,0.42727,0.2023,0.046369,0,0,0,0
0,0,0,0,0,0,0.05364,0.211,0.32671,0.44666,0.3555,0.25894,0.2928,0.38435,0.5048,0.24717,0.28,0.22623,0.11187,0.043162,0,0,0,0
0,0,0,0,0,0,0.079717,0.26254,0.32396,0.41414,0.66205,0.7498,0.7093,0.86042,0.71098,0.2131,0.45596,0.39117,0.13574,0.038205,0,0,0,0
0,0,0,0,0,0,0.080778,0.24163,0.41585,0.58309,0.73255,0.85106,0.89311,0.84948,0.81383,0.68299,0.33366,0.20681,0.20771,0.080725,0,0,0,0
0,0,0,0,0,0,0.07815,0.2426,0.39337,0.57867,0.73388,0.84082,0.3358,0.4027,0.29001,0.42829,0.2956,0.36793,0.1284,0.071743,0,0,0,0
0,0,0,0,0,0,0.076857,0.24372,0.41638,0.57915,0.72439,0.84147,0.88647,0.87621,0.80803,0.64714,0.56508,0.40775,0.23311,0.085492,0,0,0,0
0,0,0,0,0,0,0.060959,0.18841,0.41327,0.42219,0.5924,0.81314,0.88571,0.87071,0.77862,0.70791,0.4711,0.38431,0.21453,0.033968,0,0,0,0
0,0,0,0,0,0,0.050209,0.17169,0.33021,0.54032,0.78338,0.78971,0.79076,0.81516,0.75375,0.49126,0.50267,0.27433,0.10004,0.043735,0,0,0,0
0,0,0,0,0,0,0.048859,0.2148,0.40339,0.49931,0.7049,0.83535,0.84247,0.62741,0.17772,0.16304,0.26047,0.021393,0.023695,0.066714,0,0,0,0
0,0,0,0,0,0,0.072742,0.22272,0.4246,0.59107,0.44834,0.50642,0.47627,0.67486,0.28828,0.20711,0.33553,0.44869,0.21103,0.065572,0.00060335,0,0,0
0,0,0,0,0,0,0.069346,0.22528,0.39198,0.55353,0.71512,0.30862,0.16006,0.018426,0.1795,0.60008,0.29071,0.3559,0.17572,0.048784,0,0,0,0
0,0,0,0,0,0,0.063398,0.22376,0.39304,0.54882,0.71666,0.83478,0.8746,0.67365,0.7459,0.7364,0.60443,0.43212,0.26001,0.11146,0.00084727,0,0,0
0,0,0,0,0,0,0.062827,0.21766,0.38219,0.5486,0.71372,0.82875,0.88471,0.87827,0.79528,0.71121,0.23729,0.16114,0.17968,0.051951,0.0013461,0,0,0
0,0,0,0,0,0,0.064844,0.22856,0.40297,0.56918,0.72444,0.83969,0.88469,0.86735,0.81237,0.70815,0.58458,0.41049,0.23687,0.082177,0,0,0,0
0,0,0,0,0,0,0.063834,0.22501,0.39485,0.55506,0.71229,0.82809,0.86582,0.87428,0.80803,0.69079,0.44096,0.28144,0.22682,0.071594,0,0,0,0
0,0,0,0,0,0,0.046926,0.14447,0.30999,0.48467,0.69921,0.8184,0.85845,0.85866,0.80459,0.70451,0.58099,0.40808,0.2451,0.069763,0,0,0,0
0,0,0,0,0,0,0.056436,0.15658,0.35684,0.56704,0.63777,0.36496,0.27852,0.46569,0.58327,0.45113,0.29739,0.25223,0.076868,0.048755,0,0,0,0
0,0,0,0,0,0,0.074199,0.24467,0.2934,0.31642,0.43052,0.88761,0.7603,0.58627,0.68377,0.64042,0.47076,0.35551,0.17263,0.060255,0,0,0,0
0,0,0,0,0,0,0.032435,0.067432,0.063983,0.10479,0.17663,0.18902,0.11934,0.28464,0.65117,0.56114,0.36038,0.30605,0.18088,0.051703,0,0,0,0
0,0,0,0,0,0,0.027834,0.17044,0.39027,0.54334,0.70341,0.81313,0.85824,0.8644,0.8108,0.1603,0.39416,0.27369,0.18074,0.03899,0,0,0,0
0,0,0,0,0,0,0.026099,0.19606,0.38629,0.54303,0.72906,0.85176,0.87813,0.89615,0.62442,0.66624,0.61299,0.3484,0.25203,0.052974,0,0,0,0
0,0,0,0,0,0,0.052639,0.20755,0.38361,0.54361,0.70079,0.81768,0.855,0.85891,0.83232,0.68112,0.59272,0.21156,0.093052,0.047123,0,0,0,0
0,0,0,0,0,0,0.023375,0.08406,0.17194,0.51912,0.70886,0.80991,0.71767,0.76299,0.37042,0.26092,0.10896,0.30699,0.02478,0,0,0,0,0
0,0,0,0,0,0,0.04334,0.14356,0.21002,0.37705,0.51038,0.69216,0.64166,0.080484,0.21675,0.18817,0.16228,0.13182,0.10853,0.039925,0,0,0,0
0,0,0,0,0,0,0.044789,0.19421,0.36773,0.53153,0.69705,0.81672,0.87657,0.70131,0.54239,0.081761,0.25272,0.13999,0.028574,0,0.0010035,0,0,0
0,0,0,0,0,0,0.039985,0.17808,0.29006,0.43659,0.17139,0.14599,0.23385,0.22505,0.22004,0.26924,0.26436,0.086283,0.11316,0.020387,0,0,0,0
0,0,0,0,0,0,0.022672,0.18793,0.38394,0.40897,0.42347,0.29034,0.14685,0.22334,0.098085,0.046149,0.032933,0.015923,0.033467,0.0031788,0,0,0,0
0,0,0,0,0,0,0.0069027,0.061674,0.12492,0.21687,0.20153,0.11372,0.082478,0.10718,0.23212,0.11643,0.1061,0.26823,0.036379,0.020246,0,0,0,0
0,0,0,0,0,0,0.062709,0.27349,0.41343,0.5963,0.60339,0.43047,0.36163,0.29697,0.30204,0.4422,0.27514,0.10237,0.058726,0.065836,0,0,0,0
0,0,0,0,0.00092369,0.00055308,0.040432,0.18617,0.357,0.53226,0.6952,0.81233,0.85921,0.86831,0.81897,0.71581,0.55837,0.35825,0.20842,0.055086,0,0,0,0
0,0,0,0,0,0,0.035862,0.18902,0.36532,0.52702,0.68578,0.80344,0.81827,0.89676,0.80546,0.63262,0.58362,0.39491,0.22342,0.057631,0,0,0,0
0,0,0,0,0,0,0.026439,0.17896,0.35864,0.52234,0.66525,0.60334,0.74025,0.81911,0.24799,0.079294,0.19996,0.098569,0.17685,0.04613,0,0,0,0
0,0,0,0,0,0,0.033498,0.15851,0.35611,0.5211,0.68837,0.78885,0.84221,0.5895,0.47807,0.42305,0.49961,0.2126,0.11148,0.03819,0,0,0,0
0,0,0,0,0,0,0.033328,0.16965,0.34651,0.51218,0.56004,0.77317,0.80146,0.72357,0.7123,0.68118,0.54158,0.32524,0.18581,0.038944,0,0,0,0
0,0,0,0,0,0,0.010704,0.061017,0.072266,0.22294,0.43906,0.3615,0.31952,0.78571,0.32523,0.047154,0.22194,0.24645,0.029042,0.024134,0,0,0,0
0,0,0,0,0,0,0.031046,0.15402,0.3572,0.51794,0.68232,0.79149,0.83495,0.77026,0.71675,0.28721,0.33732,0.13641,0.09722,0.012787,0,0,0,0
0,0,0,0,0,0,0.022023,0.16469,0.34996,0.51643,0.68354,0.7946,0.85736,0.85098,0.81972,0.66715,0.4286,0.17548,0.078434,0.0013753,0,0,0,0
0,0,0,0,0,0,0.017747,0.16332,0.34614,0.51357,0.67332,0.7784,0.83669,0.84064,0.7913,0.69684,0.51516,0.3402,0.15557,0.029024,0,0,0,0
0,0,0,0,0,0,0.023433,0.15825,0.33976,0.51019,0.67283,0.78451,0.84942,0.81787,0.48668,0.53886,0.42048,0.34417,0.16025,0.034428,0,0,0,0
0,0,0,0,0,0,0.024394,0.16973,0.35029,0.51823,0.67731,0.78994,0.85093,0.85348,0.8151,0.42544,0.30648,0.16966,0.09337,0.037847,0,0,0,0
0,0,0,0,0,0,0.023953,0.16622,0.3484,0.5214,0.68839,0.64688,0.80752,0.83737,0.84135,0.71815,0.42941,0.29126,0.0982,0.036495,0,0,0,0
0,0,0,0,0,0,0.020459,0.076938,0.13814,0.36343,0.40396,0.48065,0.45532,0.15353,0.37002,0.42311,0.29526,0.15809,0.10206,0.0097905,0,0,0,0
0,0,0,0,0,0,0,0.04644,0.11604,0.22854,0.21214,0.15414,0.083264,0.23087,0.67199,0.38604,0.26304,0.25058,0.15371,0.02485,0,0,0,0
0,0,0,0,0,0,0.020636,0.01516,0.26713,0.24206,0.066728,0.14719,0.66095,0.60773,0.51782,0.52472,0.47707,0.15817,0.10718,0.03069,0,0,0,0
0,0,0,0,0,0,0.016337,0.14908,0.32653,0.4818,0.65701,0.77051,0.81612,0.81226,0.6708,0.2478,0.35277,0.16957,0.13449,0.016163,0,0,0,0
0,0,0,0,0,0,0.018456,0.15155,0.33226,0.48783,0.66277,0.75968,0.78963,0.72817,0.47008,0.2042,0.113,0.10145,0.056518,0.001762,0,0,0,0
0,0,0,0,0,0,0.015043,0.089361,0.32589,0.46634,0.64541,0.23628,0.013094,0.06369,0.2227,0.44513,0.1284,0.2788,0.13115,0.031806,0,0,0,0
0,0,0,0,0,0,0.011942,0.15065,0.33056,0.49901,0.66012,0.58265,0.38614,0.26619,0.32697,0.43377,0.35194,0.339,0.11031,0.019321,0,0,0,0
0,0,0,0,0,0,0.015148,0.14685,0.32372,0.49726,0.65279,0.75884,0.82253,0.82613,0.76127,0.65417,0.50167,0.28994,0.14672,0.0098211,0,0,0,0
0,0,0,0,0,0,0.015776,0.14783,0.32415,0.49927,0.65142,0.75774,0.82045,0.82584,0.76859,0.65919,0.49877,0.31886,0.14439,0.010121,0,0,0,0
0,0,0,0,0,0,0.014609,0.14169,0.31638,0.49188,0.64109,0.73708,0.8003,0.8096,0.75119,0.64305,0.48774,0.29355,0.1039,0.0075136,0,0,0,0
0,0,0,0,0,0,0.010704,0.10061,0.31234,0.47993,0.63087,0.74772,0.51979,0.62489,0.52172,0.59884,0.54452,0.21128,0.080117,0,0,0,0,0
0,0,0,0,0,0,0.0068627,0.14578,0.27238,0.27671,0.63781,0.3975,0.39253,0.18056,0.33677,0.15964,0.083841,0.051145,0.085428,0.0006572,0,0,0,0
0,0,0,0,0,0,0.0071657,0.12208,0.31003,0.35897,0.44799,0.54921,0.362,0.48376,0.41906,0.34944,0.35126,0.17852,0.055513,0.00051312,0,0,0,0
0,0,0,0,0,0,0.011518,0.10514,0.15195,0.28506,0.47728,0.29461,0.73372,0.5369,0.28035,0.14302,0.29533,0.21552,0.069793,0.00029813,0,0,0,0
0,0,0,0,0,0,0.0096413,0.13053,0.30155,0.48624,0.63269,0.72949,0.79689,0.8005,0.75084,0.64024,0.47643,0.29887,0.12237,0,0,0,0,0
0,0,0,0,0,0,0.006862,0.12455,0.29385,0.48116,0.62802,0.7194,0.7867,0.78477,0.73229,0.62196,0.46113,0.28637,0.086859,0.0002469,0,0,0,0
0,0,0,0,0,0,0.006602,0.12146,0.29358,0.46192,0.58504,0.64999,0.54002,0.68122,0.54557,0.24771,0.24207,0.10154,0.053492,0,0,0,0,0
0,0,0,0,0,0,0.0016563,0.026624,0.11801,0.24617,0.17446,0.18736,0.16353,0.19086,0.11452,0.20098,0.11906,0.068687,0.04929,0,0,0,0,0
0,0,0,0,0,0,0.0084859,0.10973,0.17146,0.31397,0.3203,0.66606,0.63697,0.525,0.54009,0.37996,0.20661,0.13241,0.03485,0,0,0,0,0
0,0,0,0,0,0,0,0.070421,0.21906,0.39436,0.46516,0.62515,0.6315,0.59208,0.32513,0.27537,0.17666,0.15847,0.054457,0,0,0,0,0
0,0,0,0,0,0,0,0.10792,0.26591,0.45833,0.49021,0.72356,0.7561,0.70095,0.69029,0.39718,0.428,0.2332,0.049619,0,0,0,0,0
0,0,0,0,0,0,0.0025538,0.11391,0.28694,0.47533,0.62254,0.73,0.72032,0.75226,0.46571,0.53893,0.29055,0.062576,0.05386,0,0,0,0,0
0,0,0,0,0,0,0.0070857,0.13383,0.24806,0.47263,0.61631,0.68225,0.75642,0.6866,0.55416,0.17823,0.12629,0.10988,0.046846,0,0,0,0,0
0,0,0,0,0,0,0.0018804,0.10544,0.27622,0.45861,0.6015,0.70594,0.7668,0.71146,0.38768,0.53128,0.33169,0.062317,0,0,0,0,0,0
0,0,0,0,0,0,0.0038169,0.080251,0.1956,0.45703,0.55068,0.42437,0.052899,0.09767,0.10363,0.20594,0.34369,0.24454,0.056277,0,0,0,0,0
0,0,0,0,0,0,0.0003804,0.10522,0.27262,0.45308,0.61351,0.57541,0.52472,0.58751,0.49963,0.53446,0.30276,0.087617,0.045328,0.0044396,0,0,0,0
0,0,0,0,0,0,0.0010988,0.096145,0.19381,0.42058,0.58052,0.27253,0.53603,0.23361,0.41842,0.13717,0.18171,0.2558,0.07473,0,0,0,0,0
0,0,0,0,0,0,0,0.097298,0.26499,0.44602,0.59375,0.70467,0.74957,0.66366,0.65983,0.40381,0.17557,0.1327,0.055755,0,0,0,0,0
0,0,0,0,0,0,0,0.096508,0.24381,0.43924,0.58041,0.63933,0.72343,0.70324,0.51652,0.26986,0.33373,0.16931,0.087693,0,0,0,0,0
0,0,0,0,0,0,0,0.090975,0.26631,0.43516,0.58179,0.69584,0.73881,0.61236,0.60522,0.55513,0.37899,0.21618,0.025909,0,0,0,0,0
0,0,0,0,0,0,0,0.017976,0.054361,0.097885,0.15119,0.17781,0.12284,0.1862,0.10336,0.036219,0.057775,0.11213,0.015633,0,0,0,0,0
0,0,0,0,0,0,0,0.046594,0.20118,0.39596,0.67081,0.72603,0.713,0.37299,0.59669,0.5688,0.065309,0.011121,0.071823,0,0,0,0,0
0,0,0,0,0,0,0,0.089101,0.26106,0.42198,0.54942,0.68738,0.74167,0.74145,0.68309,0.49247,0.20446,0.13366,0.02301,0,0,0,0,0
0,0,0,0,0,0,0,0.085101,0.26904,0.4936,0.5295,0.604,0.68678,0.72809,0.60035,0.31411,0.20306,0.092288,0.011279,0,0,0,0,0
0,0,0,0,0,0,0,0.028508,0.14307,0.17926,0.30321,0.48451,0.49217,0.64952,0.40829,0.57229,0.2292,0.096676,0.030671,0,0,0,0,0
0,0,0,0,0,0,0,0.035302,0.19096,0.22259,0.44975,0.56192,0.73386,0.71008,0.65567,0.54369,0.36714,0.20494,0.043523,0,0,0,0,0
0,0,0,0,0,0,0,0.070323,0.24129,0.42578,0.57076,0.64286,0.70583,0.71047,0.64557,0.46717,0.38941,0.21686,0.057609,0,0,0,0,0
0,0,0,0,0,0,0,0.077996,0.24919,0.41672,0.55978,0.6668,0.66035,0.64395,0.63346,0.53202,0.35721,0.12572,0.021696,0,0,0,0,0
0,0,0,0,0,0,0,0.070144,0.2438,0.39819,0.54643,0.67362,0.72121,0.74265,0.46328,0.17862,0.069038,0.026841,0.049917,0,0,0,0,0
0,0,0,0,0,0,0,0.0068671,0.0049807,0.043166,0.073537,0.24665,0.34435,0.16787,0.10219,0.053328,0.061011,0.12252,0.021455,0,0,0,0,0
0,0,0,0,0,0,0,0.017829,0.066962,0.15597,0.21923,0.1636,0.29243,0.48376,0.28908,0.15598,0.068156,0.014634,0,0,0,0,0,0
0,0,0,0,0,0,0,0.0067789,0.02834,0.044095,0.049046,0.098702,0.10338,0.14706,0.20972,0.17813,0.15974,0.050434,0.022823,0,0,0,0,0
0,0,0,0,0,0,0,0.015315,0.12865,0.39904,0.3515,0.51929,0.56642,0.53387,0.44623,0.25273,0.21648,0.15434,0.004477,0,0,0,0,0
0,0,0,0,0,0,0,0.021952,0.07411,0.14408,0.48886,0.61709,0.59465,0.53825,0.40518,0.41056,0.33968,0.13992,0.016776,0,0,0,0,0
0,0,0,0,0,0,0,0.064031,0.21695,0.39469,0.513,0.62959,0.65011,0.64918,0.5991,0.4705,0.32198,0.1676,0.012724,0,0,0,0,0
0,0,0,0,0,0,0,0.059337,0.22885,0.41128,0.51746,0.61716,0.64966,0.64528,0.58105,0.45848,0.31524,0.15816,0.013229,0,0,0,0,0
0,0,0,0,0,0,0,0.061377,0.23153,0.41491,0.52057,0.63021,0.66475,0.65713,0.58705,0.46423,0.31418,0.15524,0.010833,0,0,0,0,0
0,0,0,0,0,0,0,0.061742,0.23533,0.42428,0.4968,0.61156,0.54115,0.63659,0.38204,0.30154,0.10946,0.067162,0.0087268,0,0,0,0,0
0,0,0,0,0,0,0,0.022116,0.19694,0.40489,0.49834,0.61594,0.60739,0.46234,0.30739,0.46723,0.14044,0.16517,0,0,0,0,0,0
0,0,0,0,0,0,0,0.048747,0.23007,0.22351,0.35188,0.56881,0.69567,0.69241,0.60148,0.47332,0.31725,0.15789,0.0052014,0,0,0,0,0
0,0,0,0,0,0,0,0.054036,0.22496,0.41217,0.51868,0.63302,0.6847,0.66808,0.57932,0.46624,0.3083,0.14905,0.0014595,0,0,0,0,0
0,0,0,0,0,0,0,0.05185,0.21915,0.40412,0.51008,0.6227,0.67518,0.65068,0.52598,0.29352,0.12455,0.033859,0,0,0,0,0,0
0,0,0,0,0,0,0,0.047381,0.17791,0.39462,0.46185,0.44695,0.47505,0.37517,0.37207,0.31344,0.1018,0.031553,0,0,0,0,0,0
0,0,0,0,0,0,0,0.067041,0.25473,0.40181,0.23364,0.11473,0.04238,0.087644,0.044122,0.033145,0.026831,0.11851,0.012986,0,0,0,0,0
0,0,0,0,0,0,0,0.044959,0.21127,0.39143,0.50299,0.61308,0.6648,0.64775,0.55541,0.45452,0.29344,0.12561,0,0,0,0,0,0
0,0,0,0,0,0,0,0.044282,0.20474,0.38191,0.49859,0.60468,0.64142,0.63321,0.4491,0.20378,0.1785,0.085664,0,0,0,0,0,0
0,0,0,0,0,0,0,0,0.023585,0.069074,0.11862,0.12831,0.15765,0.14245,0.10766,0.13579,0.076381,0.021403,0,0,0,0,0,0
0,0,0,0,0,0,0,0.045202,0.13777,0.51219,0.58449,0.44084,0.48116,0.33802,0.36802,0.36117,0.2463,0.091172,0,0,0,0,0,0
0,0,0,0,0,0,0,0.0057136,0.064648,0.13916,0.16073,0.14971,0.12709,0.11432,0.086947,0.043881,0.042367,0.013579,0,0,0,0,0,0
0,0,0,0,0,0,0,0.0014845,0.023586,0.054847,0.070885,0.071026,0.095386,0.12004,0.098823,0.10838,0.098447,0.042992,0,0,0,0,0,0
0,0,0,0,0,0,0,0.017278,0.10224,0.29575,0.33773,0.39717,0.45315,0.44445,0.44375,0.38062,0.22234,0.06312,0,0,0,0,0,0
0,0,0,0,0,0,0,0.0016666,0.024226,0.047211,0.17485,0.39629,0.60458,0.37316,0.40503,0.23916,0.22316,0.038198,0,0,0,0,0,0
0,0,0,0,0,0,0,0.0052651,0.1483,0.31986,0.33259,0.27198,0.54925,0.60175,0.50563,0.40192,0.24899,0.082593,0,0,0,0,0,0
0,0,0,0,0,0,0,0.025014,0.17516,0.30693,0.46029,0.54275,0.58856,0.50857,0.49075,0.34445,0.24323,0.076419,0,0,0,0,0,0
0,0,0,0,0,0,0,0.026739,0.17428,0.34031,0.45452,0.54261,0.59284,0.576,0.36722,0.19051,0.16701,0.072509,0,0,0,0,0,0
0,0,0,0,0,0,0,0.026538,0.1769,0.34401,0.46053,0.54967,0.59819,0.57237,0.49303,0.38341,0.2344,0.071535,0,0,0,0,0,0
0,0,0,0,0,0,0,0.020797,0.1643,0.33786,0.47078,0.54575,0.54082,0.58216,0.4129,0.35478,0.11267,0.03608,0,0,0,0,0,0
0,0,0,0,0,0,0,0.0021994,0.029899,0.086157,0.25695,0.27106,0.54771,0.58478,0.28856,0.29918,0.16192,0.050554,0,0,0,0,0,0
0,0,0,0,0,0,0,0.01213,0.15562,0.31532,0.43328,0.34646,0.14577,0.062439,0.038859,0.016287,0.0030194,0,0,0,0,0,0,0
0,0,0,0,0,0,0,8.3495e-05,0.027901,0.066992,0.12008,0.15637,0.24217,0.25792,0.12462,0.071556,0.020432,0.004456,0,0,0,0,0,0
0,0,0,0,0,0,0,0.0092541,0.15335,0.32923,0.45009,0.52162,0.56076,0.54526,0.45782,0.34053,0.2021,0.045285,0,0,0,0,0,0
0,0,0,0,0,0,0,0.0054475,0.10362,0.30612,0.41304,0.50365,0.5392,0.53021,0.46249,0.34716,0.14749,0.05128,0,0,0,0,0,0
0,0,0,0,0,0,0,0.0033681,0.063935,0.18922,0.41829,0.50736,0.32411,0.24552,0.52654,0.29623,0.11392,0.049829,0,0,0,0,0,0
0,0,0,0,0,0,0,0,0.00041363,0.040334,0.059512,0.12947,0.17072,0.096181,0.13843,0.091127,0.046282,0.0071936,0,0,0,0,0,0
0,0,0,0,0,0,0,0.013225,0.1479,0.32059,0.43214,0.51516,0.55486,0.54773,0.47008,0.3461,0.2018,0.023071,0,0,0,0,0,0
0,0,0,0,0,0,0,0,0.0080685,0.068554,0.16243,0.41037,0.46854,0.20905,0.090005,0.041954,0.027405,0,0,0,0,0,0,0
0,0,0,0,0,0,0,0,0.03863,0.10844,0.16858,0.20782,0.26581,0.28081,0.25805,0.13906,0.077845,0.019803,0,0,0,0,0,0
0,0,0,0,0,0,0,0.0045286,0.05292,0.16648,0.28564,0.34956,0.44771,0.36065,0.27191,0.18859,0.10451,0.023167,0,0,0,0,0,0
0,0,0,0,0,0,0,0.0076282,0.072456,0.17612,0.33349,0.3363,0.54747,0.533,0.4379,0.32027,0.15815,0.028748,0,0,0,0,0,0
0,0,0,0,0,0,0,0.0046633,0.12459,0.29929,0.42321,0.48942,0.53494,0.5419,0.45937,0.34505,0.1994,0.026915,0,0,0,0,0,0
0,0,0,0,0,0,0,0,0.10917,0.28128,0.39541,0.4743,0.51523,0.53039,0.43593,0.31854,0.16929,0.02621,0,0,0,0,0,0
0,0,0,0,0,0,0,0.0011861,0.12327,0.26834,0.37623,0.23449,0.26175,0.35921,0.20376,0.096763,0.048173,0.0092998,0,0,0,0,0,0
0,0,0,0,0,0,0,0.0020585,0.035327,0.24478,0.31433,0.3613,0.51189,0.52017,0.43769,0.34643,0.17492,0.012116,0,0,0,0,0,0
0,0,0,0,0,0,0,0.002295,0.10968,0.27072,0.38864,0.46367,0.50876,0.52305,0.43362,0.3129,0.17488,0.014485,0,0,0,0,0,0
0,0,0,0,0,0,0,0.0047666,0.1121,0.27364,0.37798,0.29197,0.33355,0.2615,0.15115,0.28092,0.15868,0.0056437,0,0,0,0,0,0
0,0,0,0,0,0,0,0,0.050261,0.17276,0.27154,0.45488,0.48838,0.49615,0.42099,0.30714,0.16437,0.006993,0,0,0,0,0,0
0,0,0,0,0,0,0,0,0.082236,0.297,0.36255,0.44293,0.47784,0.48599,0.38899,0.1965,0.1556,0.010311,0,0,0,0,0,0
0,0,0,0,0,0,0,0,0.02178,0.067348,0.33821,0.45139,0.41261,0.2988,0.38589,0.25213,0.12587,0.0099293,0,0,0,0,0,0
0,0,0,0,0,0,0,0,0.03065,0.16504,0.35398,0.36254,0.32338,0.48119,0.39655,0.2176,0.082109,0.011731,0,0,0,0,0,0
0,0,0,0,0,0,0,0,0.04456,0.16204,0.36682,0.43905,0.47735,0.47832,0.42231,0.30125,0.12472,0.011098,0,0,0,0,0,0
0,0,0,0,0,0,0,0,0.043889,0.12888,0.25321,0.3736,0.47027,0.46455,0.39248,0.27292,0.11131,0.0060565,0,0,0,0,0,0
0,0,0,0,0,0,0,0,0.032767,0.22591,0.35202,0.42328,0.46133,0.46239,0.40331,0.28146,0.1353,0.0044653,0,0,0,0,0,0
0,0,0,0,0,0,0,0,0.0030104,0.0228,0.070532,0.076727,0.17214,0.13787,0.13602,0.019272,0.0043173,0,0,0,0,0,0,0
0,0,0,0,0,0,0,0,0.012827,0.052885,0.14915,0.14647,0.11788,0.11986,0.090513,0.050713,0.017427,0,0,0,0,0,0,0
0,0,0,0,0,0,0,0,0.033752,0.098131,0.19986,0.35907,0.37108,0.28982,0.24597,0.1905,0.11346,0.018028,0,0,0,0,0,0
0,0,0,0,0,0,0,0,0.077008,0.23949,0.36314,0.44296,0.48817,0.48409,0.40963,0.29134,0.13962,0.0067279,0,0,0,0,0,0
0,0,0,0,0,0,0,0,0.071901,0.2265,0.34634,0.42087,0.46506,0.46104,0.39361,0.28113,0.13119,0.0041011,0,0,0,0,0,0
0,0,0,0,0,0,0,0,0.069839,0.22344,0.34272,0.41895,0.46224,0.4575,0.38903,0.2767,0.13189,0.0032444,0,0,0,0,0,0
0,0,0,0,0,0,0,0,0.042287,0.1621,0.24151,0.40078,0.44217,0.44136,0.36925,0.25962,0.12192,0.0048541,0,0,0,0,0,0
0,0,0,0,0,0,0,0,0.063824,0.21817,0.33821,0.4074,0.45536,0.4466,0.38516,0.27146,0.12656,0.0014061,0,0,0,0,0,0
0,0,0,0,0,0,0,0,0.029201,0.11862,0.33242,0.38401,0.40402,0.46824,0.41995,0.28814,0.10328,0.0053805,0,0,0,0,0,0
0,0,0,0,0,0,0,0,0.083175,0.17873,0.18013,0.32229,0.48689,0.42547,0.36762,0.21434,0.12119,0.0080109,0,0,0,0,0,0
0,0,0,0,0,0,0,0,0.040496,0.16449,0.34469,0.33873,0.34373,0.37711,0.3425,0.27464,0.11546,0.0014554,0,0,0,0,0,0
0,0,0,0,0,0,0,0,0.053858,0.2001,0.32082,0.39479,0.43589,0.42622,0.36994,0.25728,0.11952,0.0010131,0,0,0,0,0,0
0,0,0,0,0,0,0,0,0.046841,0.17236,0.30021,0.35958,0.39776,0.40246,0.35618,0.24423,0.11396,0.0052,0,0,0,0,0,0
0,0,0,0,0,0,0,0,0.045214,0.18844,0.30958,0.38279,0.42724,0.41167,0.35576,0.26082,0.12031,0,0,0,0,0,0,0
0,0,0,0,0,0,0,0,0.04506,0.19219,0.31318,0.38664,0.42881,0.41973,0.36704,0.25523,0.11793,0,0,0,0,0,0,0
0,0,0,0,0,0,0,0,0.022208,0.13233,0.21432,0.26997,0.26969,0.37444,0.31293,0.20213,0.092376,0.003446,0,0,0,0,0,0
0,0,0,0,0,0,0,0,0.034171,0.12912,0.29183,0.36539,0.41217,0.39854,0.34828,0.23441,0.10451,0.001324,0,0,0,0,0,0
0,0,0,0,0,0,0,0,0.038487,0.17956,0.30118,0.36864,0.41445,0.40677,0.35574,0.24555,0.061558,0.00040654,0,0,0,0,0,0
0,0,0,0,0,0,0,0,0.043286,0.12931,0.14368,0.25283,0.15399,0.093786,0.04965,0.06008,0.07547,0.0015499,0,0,0,0,0,0
0,0,0,0,0,0,0,0,0.023606,0.10448,0.16861,0.25971,0.25996,0.24402,0.18795,0.12674,0.048158,0.0019844,0,0,0,0,0,0
0,0,0,0,0,0,0,0,0.014643,0.16372,0.30332,0.28066,0.3275,0.41897,0.35221,0.11092,0.088887,0.0023938,0,0,0,0,0,0
0,0,0,0,0,0,0,0,0.030598,0.17134,0.30479,0.38484,0.37431,0.36956,0.25327,0.16539,0.0864,0.0013106,0,0,0,0,0,0
0,0,0,0,0,0,0,0,0.027751,0.16326,0.29206,0.3416,0.44776,0.3914,0.24782,0.17734,0.069719,0.0045226,0,0,0,0,0,0
0,0,0,0,0,0,0,0,0.018098,0.11632,0.22723,0.32237,0.3358,0.26351,0.23506,0.14901,0.060577,0.0032334,0,0,0,0,0,0
0,0,0,0,0,0,0,0,0.015432,0.10603,0.18548,0.23985,0.33977,0.34344,0.32685,0.18045,0.058361,0.0049067,0,0,0,0,0,0
0,0,0,0,0,0,0,0,0.012765,0.071924,0.12459,0.24174,0.36421,0.36677,0.19737,0.15001,0.070125,0.0033404,0,0,0,0,0,0
0,0,0,0,0,0,0,0,0.026841,0.15799,0.29545,0.37226,0.4234,0.42382,0.35323,0.18628,0.033449,0.0027463,0,0,0,0,0,0
0,0,0,0,0,0,0,0,0.022969,0.15536,0.29159,0.36612,0.41491,0.4084,0.35267,0.24602,0.11273,0.0030222,0,0,0,0,0,0
0,0,0,0,0,0,0,0,0.023523,0.14778,0.30069,0.37266,0.42685,0.43674,0.38155,0.25486,0.11577,0.00099004,0,0,0,0,0,0
0,0,0,0,0,0,0,0,0.012563,0.1357,0.27972,0.35862,0.33059,0.34106,0.23083,0.33367,0.12837,0.0016125,0,0,0,0,0,0
0,0,0,0,0,0,0,0,0.0037776,0.08558,0.30133,0.31021,0.26265,0.13525,0.18264,0.13858,0.050187,0.0070698,0,0,0,0,0,0
0,0,0,0,0,0,0,0,0.022155,0.14457,0.23161,0.28926,0.29916,0.20025,0.13868,0.11204,0.061382,0.0070578,0,0,0,0,0,0
0,0,0,0,0,0,0,0,0.019115,0.14175,0.27823,0.3606,0.40579,0.40259,0.19942,0.13047,0.13952,0.016337,0,0,0,0,0,0
0,0,0,0,0,0,0,0,0,0.015379,0.039092,0.063409,0.15482,0.15295,0.14191,0.1744,0.12113,0.012425,0,0,0,0,0,0
0,0,0,0,0,0,0,0,0.0047547,0.10521,0.25812,0.13482,0.29717,0.37954,0.33453,0.24486,0.098166,0,0,0,0,0,0,0
0,0,0,0,0,0,0,0,0.0061311,0.12141,0.25102,0.33657,0.39235,0.36592,0.31979,0.23506,0.09822,0.0031371,0,0,0,0,0,0
0,0,0,0,0,0,0,0,0.016537,0.1357,0.2695,0.34722,0.40834,0.39078,0.3006,0.25535,0.10968,0.003126,0,0,0,0,0,0
0,0,0,0,0,0,0,0,0.014635,0.12803,0.26146,0.34136,0.40787,0.37952,0.33299,0.24284,0.11428,0.0022133,0,0,0,0,0,0
0,0,0,0,0,0,0,0,0.010267,0.13332,0.25412,0.29039,0.25453,0.2931,0.31066,0.32388,0.15302,0.0067434,0,0,0,0,0,0
0,0,0,0,0,0,0,0,0.0033953,0.054703,0.084422,0.13734,0.20617,0.17039,0.19452,0.123,0.045644,0,0,0,0,0,0,0
0,0,0,0,0,0,0,0,0.0071857,0.11059,0.1768,0.20526,0.25849,0.24104,0.17235,0.11671,0.041928,0.0016786,0,0,0,0,0,0
0,0,0,0,0,0,0,0,0.0056412,0.060284,0.27345,0.36523,0.44222,0.41602,0.36914,0.27495,0.13148,0.0071016,0,0,0,0,0,0
0,0,0,0,0,0,0,0,0.0053104,0.07853,0.14298,0.22081,0.25126,0.2241,0.17713,0.11079,0.040597,0,0,0,0,0,0,0
0,0,0,0,0,0,0,0,0.0032043,0.050184,0.14829,0.19254,0.3806,0.39997,0.36255,0.28607,0.15951,0.020885,0,0,0,0,0,0
0,0,0,0,0,0,0,0,0.013162,0.12652,0.26419,0.35287,0.43147,0.40644,0.35974,0.26792,0.12497,0.0080943,0,0,0,0,0,0
0,0,0,0,0,0,0,0,0.013618,0.13009,0.27003,0.36242,0.4376,0.40953,0.36541,0.27801,0.13636,0.0095437,0,0,0,0,0,0
0,0,0,0,0,0,0,0,0.0044864,0.061169,0.14321,0.21567,0.37362,0.3302,0.27174,0.24201,0.077267,0.0045064,0,0,0,0,0,0
0,0,0,0,0,0,0,0,0.022025,0.14171,0.15074,0.14203,0.17802,0.20149,0.15545,0.16537,0.079222,0.010247,0,0,0,0,0,0
0,0,0,0,0,0,0,0,0.010144,0.12477,0.26792,0.35778,0.43749,0.41807,0.37255,0.28113,0.13627,0.022617,0,0,0,0,0,0
0,0,0,0,0,0,0,0,0.01243,0.13093,0.26749,0.31543,0.15842,0.44261,0.36209,0.30437,0.15109,0.0079608,0,0,0,0,0,0
0,0,0,0,0,0,0,0,0.018113,0.042612,0.10111,0.14967,0.21879,0.24535,0.40983,0.26602,0.11986,0.0030313,0,0,0,0,0,0
0,0,0,0,0,0,0,0,0.0028899,0.093548,0.24968,0.40194,0.33797,0.20504,0.18583,0.13553,0.063971,0.004185,0,0,0,0,0,0
0,0,0,0,0,0,0,0,0.011272,0.12808,0.26789,0.35837,0.43497,0.40503,0.34867,0.28226,0.13189,0.01604,0,0,0,0,0,0
0,0,0,0,0,0,0,0,0.0014319,0.06472,0.19018,0.27901,0.2286,0.186,0.082415,0.055737,0.11362,0.018374,0,0,0,0,0,0
0,0,0,0,0,0,0,0,0,0.0078437,0.031334,0.055368,0.076068,0.11645,0.14399,0.10993,0.071896,0.0073328,0,0,0,0,0,0
0,0,0,0,0,0,0,0,0.0056999,0.11418,0.28849,0.38453,0.46433,0.45024,0.39092,0.29487,0.15568,0.02158,0,0,0,0,0,0
0,0,0,0,0,0,0,0,0.01359,0.13288,0.28465,0.38289,0.46187,0.44654,0.39217,0.30897,0.16097,0.018722,0,0,0,0,0,0
0,0,0,0,0,0,0,0,0.011543,0.13124,0.28101,0.37553,0.45673,0.44448,0.38882,0.30382,0.15953,0.018245,0,0,0,0,0,0
0,0,0,0,0,0,0,0,0.012574,0.12361,0.29032,0.37139,0.43292,0.32006,0.36946,0.28177,0.16538,0.014168,0,0,0,0,0,0
0,0,0,0,0,0,0,0,0.013402,0.13554,0.28628,0.37864,0.45967,0.45344,0.39269,0.3131,0.17381,0.026407,0,0,0,0,0,0
0,0,0,0,0,0,0,0,0.012622,0.13772,0.29473,0.38085,0.46378,0.45789,0.39621,0.31585,0.17744,0.026733,0,0,0,0,0,0
0,0,0,0,0,0,0,0,0.00033887,0.096861,0.26774,0.28051,0.29734,0.44669,0.25443,0.26756,0.13782,0.021833,0,0,0,0,0,0
0,0,0,0,0,0,0,0,0.0087878,0.10125,0.15836,0.1777,0.18342,0.22065,0.22755,0.14752,0.096628,0.024003,0,0,0,0,0,0
0,0,0,0,0,0,0,0,0.013283,0.13685,0.28904,0.37902,0.45593,0.46175,0.39834,0.3196,0.18282,0.031886,0,0,0,0,0,0
0,0,0,0,0,0,0,0,0.018641,0.093377,0.22861,0.26081,0.27508,0.31852,0.37855,0.3066,0.19174,0.033611,0,0,0,0,0,0
0,0,0,0,0,0,0,0,0.00054503,0.034103,0.11177,0.21568,0.25771,0.30338,0.27484,0.12228,0.093754,0.018998,0,0,0,0,0,0
0,0,0,0,0,0,0,0,0.014584,0.13603,0.25121,0.29481,0.28772,0.36984,0.27699,0.28448,0.1603,0.027856,0,0,0,0,0,0
0,0,0,0,0,0,0,0,0.0070655,0.03069,0.062351,0.18603,0.2712,0.294,0.18538,0.10283,0.045122,0.015816,0,0,0,0,0,0
0,0,0,0,0,0,0,0,0.0055738,0.041099,0.086814,0.15851,0.20001,0.15394,0.14296,0.1398,0.16445,0.04636,0,0,0,0,0,0
0,0,0,0,0,0,0,0,0.0047226,0.077512,0.2043,0.29389,0.32809,0.27611,0.27247,0.22458,0.096702,0.030619,0,0,0,0,0,0
0,0,0,0,0,0,0,0,0.0029756,0.035383,0.13123,0.24819,0.47765,0.4229,0.13935,0.29845,0.079625,0.030679,0,0,0,0,0,0
0,0,0,0,0,0,0,0,0.013465,0.072267,0.22089,0.27993,0.35351,0.49525,0.3606,0.30666,0.22779,0.056443,0,0,0,0,0,0
0,0,0,0,0,0,0,0,0.00024366,0.043416,0.099204,0.20574,0.50383,0.52194,0.43651,0.15352,0.058298,0.0308,0,0,0,0,0,0
0,0,0,0,0,0,0,0,0.019594,0.15723,0.30972,0.35033,0.49548,0.45765,0.3782,0.15207,0.22419,0.047198,0,0,0,0,0,0
0,0,0,0,0,0,0,0,0.014395,0.13414,0.29224,0.31394,0.4367,0.52267,0.44339,0.14662,0.18158,0.027065,0,0,0,0,0,0
0,0,0,0,0,0,0,0,0.016623,0.076317,0.22483,0.30636,0.46888,0.44689,0.33603,0.20455,0.096137,0.023404,0,0,0,0,0,0
0,0,0,0,0,0,0,0,0.0015867,0.026561,0.056743,0.10645,0.14306,0.11614,0.15773,0.11808,0.068648,0.021662,0,0,0,0,0,0
0,0,0,0,0,0,0,0,0.026853,0.17444,0.32641,0.40927,0.50217,0.52895,0.4673,0.36406,0.23592,0.051858,0,0,0,0,0,0
0,0,0,0,0,0,0,0,0.026005,0.17252,0.32323,0.40373,0.44242,0.55291,0.44377,0.35248,0.23523,0.071963,0,0,0,0,0,0
0,0,0,0,0,0,0,0,0.020993,0.11613,0.28372,0.41689,0.43932,0.51159,0.43734,0.3779,0.24078,0.064677,0,0,0,0,0,0
0,0,0,0,0,0,0,0,0.030066,0.17948,0.33014,0.41453,0.50218,0.54542,0.48943,0.37842,0.23862,0.055495,0,0,0,0,0,0
0,0,0,0,0,0,0,0,0.034374,0.19726,0.35535,0.44791,0.50999,0.54208,0.43673,0.31958,0.22888,0.059275,0,0,0,0,0,0
0,0,0,0,0,0,0,0,0.021415,0.1319,0.28106,0.34879,0.37932,0.36659,0.25976,0.16621,0.078319,0.022922,0,0,0,0,0,0
0,0,0,0,0,0,0,0,0.025342,0.18783,0.33619,0.43832,0.43576,0.57062,0.51521,0.3883,0.27242,0.081363,0,0,0,0,0,0
0,0,0,0,0,0,0,0,0.034789,0.17953,0.3709,0.45439,0.47365,0.57251,0.46347,0.36247,0.1172,0.041751,0,0,0,0,0,0
0,0,0,0,0,0,0,0,0.026451,0.07533,0.2146,0.26201,0.23584,0.21892,0.24178,0.22385,0.13822,0.048036,0,0,0,0,0,0
0,0,0,0,0,0,0,0,0,0.018034,0.057545,0.12264,0.16448,0.15868,0.099276,0.10208,0.14639,0.042509,0,0,0,0,0,0
0,0,0,0,0,0,0,0,0.010382,0.081325,0.18979,0.3037,0.20036,0.16746,0.13699,0.11556,0.10087,0.040479,0.0010596,0,0,0,0,0
0,0,0,0,0,0,0,0,0.050193,0.2143,0.37606,0.49692,0.56554,0.57633,0.52529,0.41724,0.27716,0.10138,0,0,0,0,0,0
0,0,0,0,0,0,0,0,0.05372,0.21251,0.3344,0.46279,0.55891,0.59519,0.58834,0.49528,0.27934,0.1235,0.0099351,0,0,0,0,0
0,0,0,0,0,0,0,0,0.037397,0.21907,0.36202,0.46569,0.55231,0.56342,0.52126,0.42581,0.17657,0.043326,0.0017988,0,0,0,0,0
0,0,0,0,0,0,0,0,0.028826,0.12247,0.32282,0.30157,0.18775,0.16316,0.16763,0.15508,0.14511,0.14364,0.00057729,0,0,0,0,0
0,0,0,0,0,0,0,0,0.023883,0.086389,0.1959,0.44705,0.55719,0.51978,0.47686,0.32629,0.1306,0.044675,0,0,0,0,0,0
0,0,0,0,0,0,0,0,0.029964,0.14342,0.37757,0.428,0.60204,0.61473,0.63121,0.49542,0.29123,0.12319,0.00092334,0,0,0,0,0
0,0,0,0,0,0,0,0,0.067547,0.24079,0.39841,0.52446,0.59428,0.60449,0.55373,0.42987,0.19518,0.071845,0.0041898,0,0,0,0,0
0,0,0,0,0,0,0,0,0.066706,0.23545,0.3925,0.51157,0.58054,0.59548,0.55407,0.44823,0.2845,0.12537,0.0015613,0,0,0,0,0
0,0,0,0,0,0,0,0,0.072642,0.23394,0.35725,0.32078,0.19356,0.16964,0.11094,0.14941,0.137,0.046342,0.0017411,0,0,0,0,0
0,0,0,0,0,0,0,0,0.028779,0.22126,0.40237,0.36341,0.25999,0.1247,0.052473,0.1101,0.084921,0.095673,0.0067221,0,0,0,0,0
0,0,0,0,0,0,0,0,0.027137,0.094159,0.17602,0.30513,0.32146,0.30122,0.25516,0.17516,0.1256,0.065338,0.011312,0,0,0,0,0
0,0,0,0,0,0,0,0,0.038024,0.098431,0.20539,0.25833,0.35222,0.41657,0.31263,0.25037,0.16193,0.097991,0.0084761,0,0,0,0,0
0,0,0,0,0,0,0,0,0.066251,0.1672,0.26241,0.39916,0.36381,0.42194,0.44271,0.17214,0.16266,0.10136,0.012195,0,0,0,0,0
0,0,0,0,0,0,0,0,0.038938,0.22,0.42789,0.56038,0.63214,0.64354,0.59937,0.46544,0.29977,0.15776,0.011819,0,0,0,0,0
0,0,0,0,0,0,0,0,0.094396,0.27292,0.43616,0.55764,0.62667,0.64066,0.5967,0.49062,0.33627,0.16315,0.0084611,0,0,0,0,0
0,0,0,0,0,0,0,0,0.10382,0.31276,0.328,0.17009,0.17263,0.23902,0.21774,0.12534,0.12194,0.11086,0.013332,0,0,0,0,0
0,0,0,0,0,0,0,0,0.037649,0.18964,0.40699,0.48104,0.44835,0.46216,0.29152,0.31239,0.065763,0.043599,0.0009062,0,0,0,0,0
0,0,0,0,0,0,0,0,0.10776,0.28814,0.44895,0.56895,0.63671,0.63579,0.56104,0.50859,0.3286,0.12936,0.014463,0,0,0,0,0
0,0,0,0,0,0,0,0.00051041,0.1137,0.20154,0.37962,0.43705,0.54285,0.57048,0.3914,0.27395,0.14166,0.11909,0.011304,0,0,0,0,0
0,0,0,0,0,0,0,0,0.042639,0.14922,0.25844,0.39874,0.45397,0.5814,0.39343,0.18697,0.06844,0.040034,0.0044184,0,0,0,0,0
0,0,0,0,0,0,0,0,0.048854,0.19369,0.38902,0.57179,0.63798,0.48366,0.56207,0.51375,0.23277,0.079135,0.011415,0,0,0,0,0
0,0,0,0,0,0,0,0.003715,0.12588,0.30483,0.46748,0.58571,0.65298,0.66315,0.62244,0.51562,0.36149,0.15247,0.021783,0,0,0,0,0
0,0,0,0,0,0,0,0.0030557,0.11631,0.32672,0.467,0.5295,0.63579,0.64633,0.60289,0.49716,0.27782,0.10599,0.014722,0,0,0,0,0
0,0,0,0,0,0,0,0.0094254,0.097674,0.22685,0.43267,0.50475,0.50105,0.53283,0.58176,0.49126,0.33381,0.18263,0.023404,0,0,0,0,0
0,0,0,0,0,0,0,0.00072426,0.082875,0.33432,0.23999,0.50422,0.37902,0.5813,0.6463,0.57339,0.20275,0.13874,0.043632,0,0,0,0,0
0,0,0,0,0,0,0,0.0075747,0.13484,0.31503,0.47309,0.58601,0.64587,0.65718,0.59491,0.46149,0.3455,0.11711,0.014281,0,0,0,0,0
0,0,0,0,0,0,0,0.0035949,0.078806,0.30929,0.48077,0.55083,0.65103,0.66106,0.61587,0.47654,0.27781,0.12005,0.02519,0,0,0,0,0
0,0,0,0,0,0,0,0,0.017943,0.06802,0.079739,0.073058,0.12467,0.2028,0.14683,0.077547,0.077471,0.022792,0,0,0,0,0,0
0,0,0,0,0,0,0,0.0039121,0.15242,0.33404,0.49176,0.60974,0.59035,0.44431,0.21073,0.21473,0.13193,0.068431,0.0029837,0,0,0,0,0
0,0,0,0,0,0,0,0.010634,0.14622,0.32225,0.47531,0.50703,0.47488,0.19748,0.40367,0.18126,0.070617,0.057107,0.0072812,0,0,0,0,0
0,0,0,0,0,0,0,0.016983,0.10636,0.28868,0.40921,0.46858,0.65821,0.69151,0.66938,0.5024,0.38072,0.092387,0.02961,0,0,0,0,0
0,0,0,0,0,0,0,0.018948,0.16692,0.35236,0.51023,0.62801,0.69391,0.71075,0.66179,0.5379,0.39399,0.2205,0.042022,0,0,0,0,0
0,0,0,0,0,0,0,0.018291,0.17544,0.35297,0.51592,0.64033,0.712,0.71206,0.6294,0.41983,0.28264,0.19054,0.036267,0,0,0,0,0
0,0,0,0,0,0,0,0.026877,0.12861,0.060375,0.055065,0.077552,0.093264,0.086385,0.079395,0.084933,0.042069,0.026013,0.0026126,0,0,0,0,0
0,0,0,0,0,0,0,0.0065357,0.079063,0.2818,0.52648,0.65262,0.71936,0.7276,0.67523,0.55261,0.40493,0.22331,0.047894,0,0,0,0,0
0,0,0,0,0,0,0,0.019721,0.19662,0.19851,0.44731,0.6735,0.74329,0.74922,0.6896,0.56802,0.41903,0.23441,0.051324,0,0,0,0,0
0,0,0,0,0,0,0,0.024244,0.17784,0.20382,0.45641,0.68136,0.7265,0.7386,0.66307,0.57383,0.41979,0.21723,0.042472,0,0,0,0,0
0,0,0,0,0,0,0,0.024066,0.1211,0.23038,0.42308,0.54627,0.72038,0.76585,0.55797,0.40875,0.3712,0.16096,0.022648,0,0,0,0,0
0,0,0,0,0,0,0,0.0073375,0.052004,0.16011,0.20459,0.27365,0.36316,0.34379,0.31109,0.2355,0.25198,0.1514,0.041821,0,0,0,0,0
0,0,0,0,0,0,0,0.034658,0.23188,0.37116,0.57962,0.72335,0.79252,0.79648,0.73689,0.61661,0.44783,0.25586,0.06884,0,0,0,0,0
0,0,0,0,0,0,0,0.036231,0.22721,0.37237,0.53881,0.71225,0.75356,0.78232,0.72516,0.60537,0.44241,0.24875,0.066875,0,0,0,0,0
0,0,0,0,0,0,0,0.016493,0.17755,0.37011,0.55947,0.69359,0.76499,0.77046,0.70469,0.54652,0.34951,0.26476,0.074947,0,0,0,0,0
0,0,0,0,0,0,0,0.040236,0.21204,0.33757,0.46414,0.23254,0.071482,0.060764,0.079926,0.048881,0.026406,0.025028,0.0056782,0,0,0,0,0
0,0,0,0,0,0,0,0.018058,0.094784,0.22523,0.46373,0.65528,0.7868,0.79235,0.73059,0.58375,0.46636,0.26644,0.067719,0,0,0,0,0
0,0,0,0,0,0,0,0.066701,0.18392,0.2882,0.51347,0.5872,0.68898,0.79217,0.7308,0.61858,0.29585,0.24071,0.061582,0,0,0,0,0
0,0,0,0,0,0,0,0.022255,0.10753,0.21411,0.33793,0.51424,0.55576,0.33946,0.34734,0.2202,0.086294,0.085614,0.040991,0,0,0,0,0
0,0,0,0,0,0,0,0.031971,0.16883,0.38252,0.54801,0.39404,0.44128,0.48676,0.44616,0.39458,0.2265,0.21731,0.099751,0,0,0,0,0
0,0,0,0,0,0,0,0.055914,0.24551,0.43779,0.59577,0.71555,0.78005,0.78673,0.73411,0.61569,0.45527,0.27119,0.079647,0,0,0,0,0
0,0,0,0,0,0,0,0.066479,0.24995,0.37768,0.30753,0.36466,0.21462,0.31839,0.56899,0.52964,0.23748,0.11741,0.052669,0,0,0,0,0
0,0,0,0,0,0,0,0.043691,0.19286,0.36071,0.60608,0.70341,0.76391,0.78114,0.74126,0.56736,0.44043,0.22462,0.05036,0,0,0,0,0
0,0,0,0,0,0,0,0.088768,0.22532,0.39908,0.61082,0.59056,0.66245,0.34018,0.20745,0.17786,0.2603,0.28275,0.090332,0,0,0,0,0
0,0,0,0,0,0,0,0.079545,0.26379,0.45509,0.49378,0.23982,0.5322,0.5617,0.47371,0.18013,0.09775,0.21035,0.033416,0,0,0,0,0
0,0,0,0,0,0,0,0.096473,0.29612,0.44698,0.63667,0.68831,0.34852,0.70105,0.73585,0.66325,0.48969,0.33688,0.097659,0,0,0,0,0
0,0,0,0,0,0,0,0.070767,0.27523,0.46761,0.63382,0.66232,0.75553,0.79708,0.60374,0.61885,0.44235,0.25219,0.079609,0,0,0,0,0
0,0,0,0,0,0,0,0.11348,0.21939,0.39999,0.49845,0.54773,0.81421,0.82238,0.76161,0.6267,0.43251,0.3082,0.078061,0,0,0,0,0
0,0,0,0,0,0,0,0.071218,0.21998,0.4921,0.62555,0.7083,0.82126,0.72703,0.68387,0.6654,0.42145,0.16886,0.062037,0,0,0,0,0
0,0,0,0,0,0,0,0.065709,0.2837,0.4709,0.63686,0.71157,0.84689,0.79801,0.78339,0.47991,0.37611,0.14143,0.089517,0,0,0,0,0
0,0,0,0,0,0,0,0.047081,0.13418,0.45388,0.64756,0.4816,0.73195,0.57964,0.83691,0.47879,0.38439,0.16964,0.10762,0,0,0,0,0
0,0,0,0,0,0,0.003133,0.11867,0.30419,0.4764,0.64371,0.76189,0.82921,0.84323,0.78225,0.66228,0.49849,0.31059,0.11617,0,0,0,0,0
0,0,0,0,0,0,0.0057945,0.13694,0.30047,0.51874,0.67389,0.75729,0.82246,0.83115,0.77011,0.45349,0.35857,0.23881,0.073588,0,0,0,0,0
0,0,0,0,0,0,0.0058441,0.11566,0.28685,0.46831,0.63657,0.75987,0.52918,0.53085,0.39166,0.32115,0.33725,0.13382,0.056409,0,0,0,0,0
0,0,0,0,0,0,0.0033984,0.11748,0.29897,0.48527,0.50766,0.6298,0.81701,0.81597,0.78827,0.65558,0.23582,0.2117,0.075661,0.00046154,0,0,0,0
0,0,0,0,0,0,0,0.045607,0.12518,0.22372,0.29694,0.36921,0.4758,0.54088,0.45744,0.38523,0.21369,0.25857,0.066783,0.0025588,0,0,0,0
0,0,0,0,0,0,0.0032204,0.13127,0.3205,0.49469,0.64816,0.77198,0.86852,0.68032,0.77223,0.6727,0.51397,0.32491,0.13005,0,0,0,0,0
0,0,0,0,0,0,0.0095308,0.14241,0.33106,0.5133,0.66455,0.77998,0.84732,0.85122,0.78617,0.66437,0.49977,0.31427,0.12482,0.00012039,0,0,0,0
0,0,0,0,0,0,0.0094724,0.12255,0.29413,0.51707,0.65849,0.7664,0.79411,0.82948,0.7702,0.5915,0.48835,0.23355,0.096819,0,0,0,0,0
0,0,0,0,0,0,0.0013501,0.049583,0.1539,0.24202,0.19921,0.32357,0.32375,0.2029,0.19478,0.20948,0.10199,0.056191,0.020461,0,0,0,0,0
0,0,0,0,0,0,0.0023794,0.050717,0.23419,0.30157,0.32851,0.20555,0.18721,0.12963,0.29167,0.25083,0.42972,0.14045,0.035667,0,0,0,0,0
0,0,0,0,0,0,0.012522,0.1223,0.35673,0.53197,0.58431,0.76631,0.84118,0.83758,0.79337,0.65587,0.4099,0.12299,0.10118,0.0065658,0,0,0,0
0,0,0,0,0,0,0.0076528,0.090649,0.30226,0.52242,0.62357,0.73036,0.71966,0.73862,0.63795,0.50723,0.26931,0.2437,0.055627,0.004256,0,0,0,0
0,0,0,0,0,0,0.013359,0.03983,0.08513,0.15234,0.19827,0.20804,0.18468,0.16309,0.22231,0.47723,0.38961,0.31172,0.11885,0.0075253,0,0,0,0
0,0,0,0,0,0,0.0091389,0.039798,0.11191,0.22323,0.26336,0.34776,0.41923,0.40629,0.36582,0.20218,0.025079,0.04796,0.021295,0,0,0,0,0
0,0,0,0,0,0,0.0039786,0.046844,0.03756,0.021784,0.65314,0.81273,0.66775,0.19105,0.02296,0.08133,0.54543,0.069213,0.008218,0,0,0,0,0
0,0,0,0,0,0,0,0.022188,0.061655,0.039767,0.021052,0.019439,0.066568,0.26593,0.35673,0.24834,0.18136,0.067001,0.019709,0,0,0,0,0
0,0,0,0,0,0,0.0086176,0.05494,0.04377,0.05514,0.16659,0.34102,0.60275,0.84329,0.79303,0.63196,0.5144,0.35186,0.16759,0.012736,0,0,0,0
0,0,0,0,0,0,0.033083,0.2229,0.33209,0.42684,0.60616,0.43119,0.52472,0.4402,0.5062,0.38214,0.22579,0.029474,0.031616,0,0,0,0,0
0,0,0,0,0,0,0.016661,0.10292,0.45178,0.55895,0.58823,0.5181,0.55798,0.55586,0.55844,0.54944,0.45638,0.26983,0.10645,0.0067021,0,0,0,0
0,5.1321e-05,0,0,0,0,0.036618,0.18794,0.37538,0.54447,0.69229,0.76587,0.86759,0.86553,0.78443,0.63502,0.30142,0.18826,0.13997,0.015865,0,0,0,0
0,0,0.00059216,0.0015665,0,0.0017109,0.039136,0.19923,0.38228,0.56058,0.72144,0.84585,0.91052,0.87627,0.67738,0.42863,0.34661,0.19067,0.08123,0.012416,0,0,0,0
0,0,0,0,0,0,0.0026977,0.023082,0.036856,0.1638,0.43001,0.68981,0.57704,0.70611,0.50725,0.42451,0.53069,0.28396,0.18674,0.02758,0,0,0,0
0,0,0,0,0,0,0.044819,0.21805,0.35482,0.3599,0.31161,0.48786,0.76607,0.48989,0.32056,0.22899,0.21327,0.24193,0.15196,0.01295,0,0,0,0
0,0,0,0.00029499,0,0,0.044644,0.22794,0.40018,0.56463,0.71833,0.73165,0.74763,0.92869,0.86856,0.74609,0.54683,0.35771,0.19896,0.027054,0,0,0,0
0,0,0,0,0,0,0.020526,0.06681,0.23867,0.50737,0.41358,0.66485,0.45412,0.4416,0.26627,0.28569,0.45375,0.26122,0.095235,0.010791,0,0,0,0
0,0,0,0,0,0,0.052092,0.2137,0.39435,0.58399,0.71538,0.83299,0.91764,0.35063,0.36393,0.21733,0.41538,0.1803,0.24647,0.033489,0,0,0,0
0,0,0,0,0,0,0.054576,0.21978,0.40687,0.58156,0.72323,0.84747,0.92394,0.92092,0.84626,0.72607,0.55749,0.37377,0.12696,0.0092511,0,0,0,0
0,0,0,0,0,0,0.054091,0.21621,0.38459,0.55181,0.7071,0.83116,0.73695,0.49373,0.49686,0.32794,0.4179,0.27904,0.09204,0.011037,0,0,0,0
0,0,0,0,0,0,0.053608,0.21715,0.40035,0.58935,0.72621,0.56362,0.51415,0.187,0.25614,0.15431,0.054332,0.073769,0.081567,0.0038056,0,0,0,0
0,0,0,0,0,0,0.040956,0.11884,0.42718,0.41929,0.38392,0.42587,0.65728,0.65021,0.35693,0.42501,0.44322,0.10422,0.082813,0.01369,0,0,0,0
0,0,0,0,0,0,0.0529,0.22617,0.41524,0.58351,0.73639,0.80632,0.91393,0.69749,0.32444,0.19791,0.26602,0.24823,0.086608,0.027778,0,0,0,0
0,0,0,0,0,0,0.058819,0.22492,0.40622,0.58279,0.73034,0.84333,0.87946,0.814,0.64195,0.53191,0.25405,0.2641,0.16181,0.018367,0,0,0,0
0,0,0,0,0,0,0.03236,0.1278,0.24069,0.57724,0.76008,0.89219,0.59189,0.59998,0.58801,0.55337,0.48544,0.38461,0.20437,0.036181,0,0,0,0
0,0,0.0011769,0,0,0,0.0076144,0.022726,0.040707,0.051033,0.063795,0.038502,0.034039,0.032216,0.026087,0.027934,0.020405,0.023555,0.011725,0.0021923,0,0,0,0
0,0,0,0,0,0.0010732,0.036478,0.10763,0.18206,0.28305,0.35159,0.37756,0.37142,0.32461,0.25247,0.16459,0.15663,0.10033,0.099388,0.013965,0,0,0,0
0,0,0,0,0,0.0011126,0.063643,0.092588,0.26817,0.46214,0.72834,0.83255,0.31953,0.21674,0.16665,0.37993,0.24705,0.1253,0.026951,0.016714,0,0,0,0
0,5.9014e-05,0.00014286,0.00011943,0,0,0.033355,0.13576,0.34329,0.51373,0.71685,0.74425,0.90919,0.62136,0.3227,0.076669,0.051455,0.024061,0.017739,0.0093893,0,0,3.2086e-05,3.8469e-06
0,0,0,0,0,0.002288,0.028567,0.15715,0.22756,0.28842,0.44115,0.46186,0.52794,0.25991,0.24506,0.29849,0.26381,0.12082,0.16276,0.02167,0,0,0,0
0,0,0,0,0,2.7365e-05,0.072073,0.24221,0.42368,0.59194,0.71933,0.83497,0.90845,0.91102,0.75895,0.4331,0.50559,0.39167,0.1486,0.043307,0,0,0,0
0,0,0,0,0,0.0016868,0.076317,0.24262,0.42138,0.5863,0.71671,0.84368,0.8039,0.85944,0.73848,0.53084,0.55234,0.39053,0.19245,0.026403,0,0,0,0
0,0,0,0,0,0.001383,0.019223,0.060359,0.13233,0.3027,0.36196,0.47766,0.70565,0.69309,0.48039,0.55256,0.30488,0.10804,0.055638,0.0024807,0,0,0,0
0,0,0,0,0,0.0018948,0.08116,0.2782,0.43187,0.6,0.6609,0.22682,0.16772,0.21158,0.62928,0.73812,0.57362,0.35293,0.072207,0.031819,0,0,0,0
0,0,0,0,0,0.0021617,0.044663,0.095989,0.1399,0.2824,0.65849,0.72034,0.75503,0.71873,0.85223,0.7861,0.57365,0.35925,0.15809,0.026052,0,0,0,0
0,0,0,0,0,0,0.035618,0.17624,0.42148,0.60284,0.75016,0.85221,0.905,0.90177,0.63091,0.63084,0.37721,0.19553,0.24396,0.056606,0,0,0,0
0,0,0,0,0,0,0.083322,0.26155,0.44795,0.62498,0.77411,0.87387,0.93148,0.92344,0.82195,0.64456,0.55202,0.37365,0.18987,0.042745,0,0,0,0
0,0,0,0,0,0,0.081834,0.25373,0.43576,0.60986,0.7561,0.86669,0.92068,0.90067,0.8501,0.73589,0.57444,0.39278,0.21372,0.054312,0,0,0,0
0,0,0,0,0,0,0.085416,0.25711,0.43704,0.61188,0.80936,0.87256,0.95077,1,0.90484,0.72909,0.60297,0.39064,0.23066,0.067287,0,0,0,0
0,0,0,0,0,0,0.074849,0.2408,0.45132,0.52317,0.7226,0.8456,0.91886,0.92905,0.83594,0.699,0.42104,0.22264,0.28431,0.083987,0,0,0,0
0,0,0,0,0,0,0.085415,0.25956,0.2951,0.50152,0.75471,0.85771,0.84117,0.64948,0.60232,0.63899,0.43368,0.347,0.16026,0.054893,0,0,0,0
0,0,0,0,0,0.0004166,0.10498,0.26493,0.45209,0.43936,0.52434,0.71858,0.87244,0.90086,0.86317,0.7736,0.63533,0.33514,0.16208,0.050612,0,0,0,0
0,0,0,0,0,0,0.046329,0.13554,0.28729,0.67408,0.56744,0.5049,0.88305,0.91958,0.69362,0.74049,0.52476,0.33618,0.14966,0.038669,0,0,0,0
0,0,0,0,0,0,0.046719,0.27123,0.45107,0.6283,0.77167,0.86857,0.90635,0.45621,0.3885,0.35236,0.22393,0.027533,0,0.032606,0,0,0,0
0,0,0,0,0,0,0.072436,0.26658,0.41834,0.61861,0.77215,0.87359,0.92288,0.92275,0.85689,0.7426,0.58978,0.38959,0.21467,0.065165,0,0,0,0
0,0,0,0,0,0,0.096651,0.26864,0.4504,0.61867,0.76684,0.86908,0.9218,0.92027,0.85819,0.75082,0.34771,0.20291,0.15081,0.036893,0,0,0,0
0,0,0,0,0,0.0020076,0.041875,0.16513,0.22433,0.44327,0.70045,0.85226,0.881,0.71572,0.22819,0.1894,0.17543,0.1308,0.063203,0.029041,0,0,0,0
0,0,0,0,0,0,0.025136,0.058545,0.12681,0.23787,0.3645,0.56249,0.79084,0.85432,0.39837,0.21699,0.26531,0.28602,0.13628,0.062237,0,0,0,0
0,0,0,0,0,0,0.0038965,0.029095,0.057898,0.13044,0.28571,0.26189,0.32619,0.20022,0.2108,0.13473,0.17474,0.15873,0.10932,0.077428,0,0,0,0
0,0,0,0,0,0,0.088537,0.22328,0.35941,0.49797,0.51998,0.44309,0.41909,0.7298,0.72933,0.40097,0.23087,0.15079,0.11582,0.058338,0,0,0,0
0,0,0,0,0,0.00045349,0.063642,0.1586,0.31005,0.49204,0.59923,0.50602,0.80667,0.80183,0.51507,0.71408,0.39564,0.24669,0.18627,0.050216,0,0,0,0
0,0,0,0,0,0.00069611,0.09535,0.25946,0.43158,0.6044,0.72094,0.7995,0.88397,0.69956,0.49025,0.65342,0.3239,0.16131,0.13822,0.075323,0,0,0,0
0,0,0,0,0,0.0011746,0.081188,0.23006,0.42963,0.60917,0.67828,0.747,0.76087,0.67954,0.6675,0.4522,0.33534,0.32285,0.19206,0.070821,0,0,0,0
0,0,0,0,0,0,0.006217,0.026186,0.090407,0.12276,0.089379,0.11018,0.68916,0.4613,0.60431,0.53354,0.25574,0.16639,0.04678,0.013409,0,0,0,0
0,0,0,0,0,0.0014432,0.090829,0.23994,0.4193,0.5335,0.60305,0.56291,0.90977,0.76412,0.73359,0.65049,0.56027,0.36511,0.17479,0.037603,0,0,0,0
0,0,0,0,0,0.0010988,0.096196,0.26095,0.30785,0.54887,0.72484,0.79769,0.87622,0.89657,0.63851,0.095217,0.18305,0.11856,0.11391,0.10382,0,0,0,0
0,0,0,0,0,0,0.032961,0.11631,0.3625,0.51985,0.53194,0.63717,0.38259,0.19797,0.025846,0.029239,0.056015,0.037663,0.042844,0.024438,0,0,0,0
0,0,0,0,0,0,0.014359,0.046022,0.054406,0.061285,0.10303,0.15112,0.23485,0.1325,0.06454,0.096823,0.075741,0.038828,0.041728,0.0065955,0,0,0,0
0,0,0,0,0,0,0.0080687,0.055944,0.077624,0.098668,0.096004,0.19162,0.34462,0.3164,0.21779,0.10466,0.035416,0.044355,0.027309,0.019094,0.0041212,0,0,0
0,0,0,0,0,0,0.0062023,0.076698,0.19172,0.17871,0.22926,0.51942,0.85359,0.77757,0.55454,0.60714,0.46223,0.38582,0.1977,0.039115,0,0,0,0
0,0,0,0,0,0.00084622,0.099797,0.27043,0.44998,0.62511,0.76783,0.87967,0.93178,0.93279,0.87282,0.75676,0.60588,0.42721,0.23768,0.063435,0,0,0,0
0,0,0,0,0,0.00028213,0.098223,0.26561,0.44391,0.61501,0.7583,0.853,0.93178,0.65095,0.57354,0.55369,0.64338,0.41527,0.25469,0.053237,0,0,0,0
0,0,0,0,0,0,0.093163,0.2688,0.45416,0.62682,0.77629,0.88804,0.94615,0.94252,0.88043,0.76711,0.61616,0.44276,0.26299,0.097881,0,0,0,0
0,0,0,0,0,0.00086773,0.098051,0.2699,0.44842,0.62091,0.75947,0.85697,0.90038,0.88722,0.83783,0.73812,0.58117,0.42164,0.2527,0.13407,0.0077775,0,0,0
0,0,0,0,0,0,0.064234,0.25941,0.43011,0.5066,0.48738,0.87513,0.75307,0.8225,0.26563,0.35037,0.28274,0.11997,0.093701,0.065215,0.0097085,0,0,0
0,0,0,0,0,0,0.075116,0.24834,0.40987,0.45336,0.64528,0.693,0.62734,0.74594,0.31738,0.32904,0.24331,0.10948,0.098535,0.15254,0.0027455,0,0,0
0,0,0,0,0,0,0.065081,0.15612,0.30554,0.48988,0.74211,0.84162,0.89935,0.79922,0.094411,0.11256,0.35525,0.21078,0.25584,0.10893,0,0,0,0
0,0,0,0,0,0.00067242,0.096575,0.26692,0.44378,0.62277,0.76355,0.85737,0.90744,0.89945,0.76921,0.7213,0.57412,0.39201,0.24403,0.092577,0,0,0,0
0,0,0,0,0,5.3244e-05,0.093129,0.25912,0.43588,0.61163,0.75452,0.85379,0.89927,0.90021,0.8375,0.73755,0.55619,0.35074,0.25022,0.047949,0.0016753,0,0,0
0,0,0,0,0,0,0.093454,0.26211,0.44178,0.61708,0.75456,0.86227,0.89814,0.88365,0.54129,0.67959,0.39759,0.31978,0.20597,0.11245,0,0,0,0
0,0,0,0,0,0,0.092381,0.2635,0.44136,0.61178,0.75092,0.85754,0.90054,0.89173,0.81551,0.56702,0.28972,0.070678,0.047731,0.027729,0,0,0,0
0,0,0,0,0,0,0.017209,0.078752,0.27362,0.57562,0.7681,0.46053,0.36276,0.34798,0.3315,0.16029,0.017163,0.080018,0.31979,0.14118,0.00081685,0,0,0
0,0,0,0,0,0,0.085739,0.19818,0.36659,0.58413,0.68734,0.86824,0.90068,0.90916,0.56618,0.69826,0.11023,0.046671,0.16163,0.061644,0,0,0,0
0,0,0,0,0,0,0.089072,0.25639,0.41565,0.5815,0.73413,0.85675,0.90005,0.892,0.8447,0.74521,0.59857,0.42578,0.2503,0.031882,0,0,0,0
0,0,0,0,0,0,0.089476,0.25786,0.41238,0.57795,0.72449,0.84295,0.89241,0.89411,0.85213,0.69062,0.23154,0.23847,0.1661,0.063724,0,0,0,0
0,0,0,0,0,0,0.088413,0.26004,0.41802,0.58277,0.72974,0.85518,0.89977,0.89551,0.84294,0.74575,0.47696,0.40993,0.23877,0.04187,0,0,0,0
0,0,0,0,0,0,0.08304,0.24696,0.40355,0.56851,0.71736,0.5801,0.48865,0.43237,0.78491,0.76751,0.44371,0.036698,0.088455,0.074032,0,0,0,0
0,0,0,0,0,0,0.039733,0.10552,0.19721,0.26795,0.61352,0.78379,0.54082,0.071451,0.66407,0.73497,0.44405,0.34168,0.086707,0.090711,0,0,0,0
0,0,0,0,0,0,0.082233,0.25076,0.40753,0.57163,0.6555,0.76171,0.84137,0.73613,0.54571,0.30661,0.24546,0.1445,0.039506,0.07279,0.0039307,0,0,0
0,0,0,0,0,0,0.0031942,0.031861,0.07227,0.21812,0.15338,0.41191,0.55714,0.35438,0.20407,0.11421,0.11592,0.13516,0.037911,0.025277,0,0,0,0
0,0,0,0,0,0,0.080074,0.2481,0.41678,0.59166,0.74277,0.86492,0.91949,0.92091,0.8612,0.75767,0.61008,0.43464,0.25992,0.09828,0,0,0,0
0,0,0,0,0,0,0.083904,0.25192,0.41877,0.58812,0.73316,0.85435,0.90797,0.91146,0.34532,0.14153,0.33148,0.28311,0.12731,0.046562,0.0024313,0,0,0
0,0,0,0,0,0,0,0.022739,0.065118,0.18828,0.1862,0.21677,0.030831,0.019011,0.0064583,0.37508,0.22157,0.0067827,0.025081,0.079273,0.0008088,0,0,0
0,0,0,0,0,0,0.035119,0.077817,0.13803,0.20695,0.37268,0.55263,0.58444,0.50112,0.069249,0.066299,0.04844,0.39586,0.21403,0.08484,0,0,0,0
0,0,0,0,0,0,0.076291,0.23814,0.40214,0.57356,0.72306,0.84216,0.89698,0.92461,0.81752,0.74463,0.43564,0.42959,0.24669,0.044034,0,0,0,0
0,0,0,0,0,0,0.03309,0.18985,0.41678,0.58337,0.73187,0.91253,0.90496,0.21484,0.23796,0.17804,0.41448,0.44774,0.12442,0.1094,0,0,0,0
0,0,0,0,0,0,0.071828,0.23464,0.4008,0.57088,0.7195,0.83614,0.91987,0.44184,0.44579,0.11035,0.3069,0.10726,0.076281,0.015975,0,0,0,0
0,0,0,0,0,0,0.071549,0.23549,0.39821,0.56769,0.71429,0.7545,0.90877,0.94749,0.83282,0.70344,0.55585,0.28715,0.24308,0.087112,0,0,0,0
0,0,0,0,0,0,0.069309,0.23061,0.39415,0.55968,0.70988,0.69525,0.54382,0.46774,0.60896,0.35888,0.15983,0.22587,0.135,0.045247,0,0,0,0
0,0,0,0,0,0,0.053899,0.2087,0.33609,0.60327,0.71752,0.83874,0.81964,0.72588,0.7764,0.66622,0.50899,0.092702,0.07569,0.030723,0,0,0,0
0,0,0,0,0,0,0.04873,0.21183,0.38348,0.55905,0.71951,0.83534,0.87041,0.88003,0.83231,0.73631,0.59226,0.4167,0.24292,0.083924,0,0,0,0
0,0,0,0,0,0,0.068623,0.23512,0.40768,0.58456,0.73036,0.84237,0.88457,0.89473,0.84533,0.74179,0.59507,0.42171,0.24886,0.083656,0,0,0,0
0,0,0,0,0,0,0.079495,0.22929,0.39249,0.56349,0.64337,0.79131,0.89387,0.86555,0.43567,0.49957,0.38625,0.2231,0.151,0.01828,0,0,0,0
0,0,0,0,0,0,0.062418,0.22401,0.38055,0.55034,0.60855,0.83325,0.873,0.88231,0.83448,0.14396,0.50999,0.42146,0.13635,0.087558,0,0,0,0
0,0,0,0,0,0,0.062169,0.20235,0.11411,0.12392,0.12664,0.459,0.56718,0.40707,0.81877,0.40277,0.28528,0.19073,0.13217,0.093074,0,0,0,0
0,0,0,0,0,0,0.0059853,0.017656,0.033143,0.15992,0.4663,0.45787,0.37213,0.52088,0.42222,0.27501,0.097734,0.13574,0.033879,0.050356,0.010543,0,0,0
0,0,0,0,0,0,0.026145,0.12367,0.37516,0.57702,0.69275,0.6017,0.7257,0.41574,0.24168,0.35104,0.24033,0.44725,0.17796,0.017731,0,0,0,0
0,0,0,0,0,0,0.053143,0.20204,0.36158,0.32162,0.64035,0.55025,0.44909,0.43555,0.45499,0.7227,0.41607,0.12744,0.14612,0.09702,0,0,0,0
0,0,0,0,0,0,0.031402,0.16136,0.25967,0.53815,0.52829,0.70916,0.66033,0.76439,0.68934,0.66974,0.3415,0.44927,0.15551,0.035316,0,0,0,0
0,0,0,0,0,0,0.020874,0.13937,0.15307,0.47633,0.70708,0.81765,0.87534,0.8785,0.69605,0.40686,0.23373,0.20117,0.18483,0.097708,0,0,0,0
0,0,0,0,0,0,0.036526,0.19876,0.38577,0.52475,0.66104,0.81832,0.68361,0.89862,0.81517,0.26099,0.29577,0.38166,0.20826,0.025908,0,0,0,0
0,0,0,0,0,0,0.049322,0.20418,0.37393,0.5517,0.699,0.81058,0.87439,0.87514,0.82058,0.7211,0.56291,0.39335,0.22328,0.063352,0,0,0,0
0,0,0,0,0,0,0.040965,0.19554,0.35716,0.52206,0.6584,0.70149,0.49789,0.16884,0.0056471,0.089617,0.37452,0.17225,0.099442,0.028724,0,0,0,0
0,0,0,0,0,0,0.037326,0.054169,0.20943,0.4861,0.2178,0.42847,0.74805,0.8344,0.40399,0.46489,0.023868,0.15169,0.066303,0.018841,0,0,0,0
0,0,0,0,0,0,0.035202,0.19355,0.36656,0.4326,0.59455,0.69766,0.70754,0.86753,0.5697,0.026751,0.047958,0.2529,0.069125,0.0015923,0,0,0,0
0,0,0,0,0,0,0.02096,0.19009,0.35268,0.54353,0.6848,0.7976,0.85313,0.8011,0.82766,0.76364,0.49225,0.31233,0.097766,0.037549,0,0,0,0
0,0,0,0,0,0,0.030144,0.15831,0.30209,0.49007,0.6533,0.79411,0.84715,0.87025,0.8461,0.72797,0.58976,0.36282,0.10565,0.055487,0,0,0,0
0,0,0,0,0,0,0.02503,0.15802,0.35895,0.5716,0.53364,0.45661,0.42549,0.47513,0.47325,0.087757,0.084518,0.022919,0.016298,0.0047692,0,0,0,0
0,0,0,0,0,0,0.028467,0.15287,0.2019,0.216,0.5004,0.79006,0.59566,0.50868,0.22756,0.098761,0.016216,0.045675,0.035655,0,0,0,0,0
0,0,0,0,0,0,0.032693,0.18599,0.35853,0.51222,0.42224,0.58693,0.75799,0.87645,0.85855,0.26739,0.043521,0.049463,0.21171,0.010955,0,0,0,0
0,0,0,0,0,0,0.016133,0.18889,0.3177,0.36952,0.69795,0.78115,0.84301,0.75219,0.50983,0.048199,0.1064,0.20658,0.064988,0.027094,0,0,0,0
0,0,0,0,0,0,0.018221,0.11844,0.34802,0.52943,0.67569,0.80328,0.86169,0.37398,0.35027,0.48796,0.38209,0.16772,0.022268,0.012271,0,0,0,0
0,0,0,0,0,0,0.029924,0.17791,0.34868,0.52584,0.67279,0.79221,0.81145,0.37225,0.30068,0.21723,0.51716,0.38838,0.20423,0.038378,0,0,0,0
0,0,0,0,0,0,0.031069,0.17814,0.35204,0.52764,0.66863,0.78896,0.48929,0.6489,0.42989,0.38581,0.30113,0.052214,0.061874,0.019486,0,0,0,0
0,0,0,0,0,0,0.021142,0.16002,0.35231,0.56034,0.67966,0.81689,0.29185,0.59007,0.35229,0.44265,0.33737,0.26738,0.18937,0.060897,0,0,0,0
0,0,0,0,0,0,0.0013497,0.028897,0.13407,0.14541,0.56516,0.57852,0.84993,0.72619,0.27436,0.030992,0.018809,0.00040112,0.1265,0.065314,0,0,0,0
0,0,0,0,0,0,0.024954,0.17766,0.35456,0.52571,0.67806,0.78583,0.67565,0.48064,0.38953,0.37569,0.56971,0.32682,0.099457,0.015615,0,0,0,0
0,0,0,0,0,0,0.0252,0.17282,0.34818,0.51938,0.678,0.58531,0.74917,0.60397,0.68691,0.58955,0.27588,0.25947,0.073223,0.036595,0,0,0,0
0,0,0,0,0,0,0.031395,0.097574,0.22,0.26164,0.34892,0.34874,0.57222,0.79281,0.42251,0.5262,0.43801,0.19992,0.12482,0.037965,0,0,0,0
0,0,0,0,0,0,0.022134,0.16877,0.35104,0.52283,0.66974,0.78313,0.84807,0.85274,0.79833,0.68845,0.53226,0.35469,0.17532,0.026085,0,0,0,0
0,0,0,0,0,0,0.020552,0.16219,0.33122,0.50547,0.65527,0.77018,0.8413,0.83212,0.72385,0.67474,0.49678,0.2284,0.13381,0.02099,0,0,0,0
0,0,0,0,0,0,0.01912,0.15586,0.33316,0.51009,0.658,0.76756,0.82918,0.83244,0.75739,0.65683,0.51656,0.34065,0.13672,0.0064512,0,0,0,0
0,0,0,0,0,0,0.007215,0.073582,0.29342,0.37317,0.50103,0.2375,0.19379,0.31193,0.48873,0.59304,0.27637,0.076064,0.075988,0.0085413,0,0,0,0
0,0,0,0,0,0,0.019847,0.15838,0.33834,0.51273,0.65943,0.67628,0.78853,0.76107,0.62044,0.31733,0.4873,0.24099,0.10054,0.016802,0,0,0,0
0,0,0,0,0,0,0.012056,0.15571,0.31829,0.50917,0.65259,0.61473,0.72336,0.71577,0.6085,0.35411,0.42106,0.33748,0.1127,0.0097873,0,0,0,0
0,0,0,0,0,0,0.0026497,0.067148,0.17554,0.26757,0.43885,0.37577,0.27337,0.36103,0.4106,0.24238,0.15908,0.11795,0.065602,0.0013791,0,0,0,0
0,0,0,0,0,0,0.0080629,0.1617,0.34165,0.50233,0.65439,0.76097,0.75161,0.77276,0.73168,0.33737,0.26237,0.27685,0.16517,0.01698,0,0,0,0
0,0,0,0,0,0,0.014202,0.15108,0.32945,0.50263,0.64163,0.67486,0.86174,0.80117,0.66715,0.30478,0.32277,0.18608,0.07787,0.0035363,0,0,0,0
0,0,0,0,0,0,0.01248,0.14651,0.3293,0.50359,0.64657,0.73163,0.82018,0.80143,0.76453,0.38921,0.23321,0.24812,0.056686,0.0060016,0,0,0,0
0,0,0,0,0,0,0.010316,0.091535,0.24556,0.41206,0.57247,0.59634,0.6336,0.23706,0.15737,0.05021,0.18795,0.15089,0.099339,0.0032947,0,0,0,0
0,0,0,0,0,0,0,0.004872,0.034163,0.090707,0.45641,0.58575,0.70645,0.78287,0.75865,0.64536,0.48566,0.3071,0.12542,0.003258,0,0,0,0
0,0,0,0,0,0,0.011078,0.1375,0.31896,0.49246,0.63056,0.73405,0.80069,0.80118,0.74094,0.63489,0.48174,0.30765,0.13233,0.00071665,0,0,0,0
0,0,0,0,0,0,0.010243,0.14101,0.3253,0.49899,0.63048,0.73094,0.80044,0.80543,0.75053,0.645,0.48345,0.27535,0.062424,0,0,0,0,0
0,0,0,0,0,0,0.0073511,0.13199,0.30897,0.48196,0.61018,0.62837,0.5264,0.22851,0.50821,0.59638,0.34105,0.18972,0.059011,0,0,0,0,0
0,0,0,0,0,0,0.0050676,0.062215,0.30215,0.46477,0.60713,0.7125,0.78243,0.64209,0.52294,0.13246,0.227,0.11259,0.037825,0,0,0,0,0
0,0,0,0,0,0,0.005205,0.12676,0.29867,0.46761,0.59881,0.61548,0.79084,0.7445,0.61542,0.51177,0.24446,0.099811,0.037162,0,0,0,0,0
0,0,0,0,0,0,0,0.030556,0.20237,0.48646,0.46047,0.43438,0.33674,0.57773,0.22984,0.31385,0.27663,0.26844,0.11226,0,0,0,0,0
0,0,0,0,0,0,0.008604,0.13472,0.2227,0.20254,0.52601,0.73446,0.79077,0.78875,0.71047,0.61961,0.48496,0.20155,0.038926,0,0,0,0,0
0,0,0,0,0,0,0.0049654,0.12573,0.30845,0.29185,0.48411,0.73495,0.79988,0.8,0.61744,0.63895,0.45764,0.27915,0.10722,0,0,0,0,0
0,0,0,0,0,0,0.00049887,0.12039,0.30957,0.36719,0.23209,0.1562,0.2363,0.59777,0.71665,0.60768,0.45277,0.28154,0.093091,0,0,0,0,0
0,0,0,0,0,0,0.0040724,0.12384,0.30608,0.47231,0.6056,0.72768,0.79005,0.78827,0.72108,0.60875,0.45462,0.28063,0.091622,0,0,0,0,0
0,0,0,0,0,0,0.0029955,0.11766,0.29484,0.45913,0.58532,0.70755,0.78388,0.59661,0.51069,0.31173,0.1897,0.1424,0.098326,0,0,0,0,0
0,0,0,0,0,0,0,0.10594,0.28667,0.44597,0.5803,0.70796,0.77526,0.77848,0.72785,0.57725,0.45976,0.16412,0.077913,0,0,0,0,0
0,0,0,0,0,0,0,0.10819,0.28367,0.45747,0.60776,0.73147,0.79965,0.8024,0.73022,0.61132,0.44547,0.26985,0.082117,0,0,0,0,0
0,0,0,0,0,0,0,0.10742,0.29665,0.45758,0.56232,0.72887,0.78171,0.76943,0.69421,0.57606,0.36872,0.14196,0.019907,0,0,0,0,0
0,0,0,0,0,0,0,0.10232,0.28453,0.44012,0.45896,0.37567,0.59805,0.55031,0.41183,0.19635,0.013718,0,0.088961,0,0,0,0,0
0,0,0,0,0,0,0.00020957,0.10449,0.27932,0.44755,0.56442,0.70967,0.78597,0.74466,0.6977,0.54716,0.14937,0.17707,0.1053,0,0,0,0,0
0,0,0,0,0,0,0,0.101,0.26959,0.4507,0.60842,0.74161,0.63851,0.5262,0.22704,0.15625,0.19469,0.24957,0.075593,0,0,0,0,0
0,0,0,0,0,0,0,0.10446,0.28515,0.45403,0.58338,0.7204,0.77544,0.77383,0.70905,0.5882,0.42416,0.24422,0.064138,0,0,0,0,0
0,0,0,0,0,0,0,0.088813,0.27253,0.49417,0.58437,0.57965,0.70689,0.76557,0.63896,0.57888,0.40799,0.19319,0.068017,0,0,0,0,0
0,0,0,0,0,0,0,0.053752,0.15496,0.23555,0.53842,0.69371,0.65983,0.65036,0.39058,0.17726,0.18773,0.11645,0.07252,0,0,0,0,0
0,0,0,0,0,0,0,0.070606,0.27906,0.43591,0.54555,0.6758,0.56289,0.45276,0.69496,0.35843,0.15898,0.1406,0.045793,0,0,0,0,0
0,0,0,0,0,0,0,0.082172,0.25374,0.41357,0.4759,0.63864,0.70671,0.73602,0.66528,0.2966,0.15703,0.09122,0.01938,0,0,0,0,0
0,0,0,0,0,0,0,0.076134,0.24977,0.41791,0.55665,0.66588,0.70838,0.70756,0.62452,0.45724,0.38575,0.21175,0.051085,0,0,0,0,0
0,0,0,0,0,0,0,0.084702,0.25643,0.42749,0.5704,0.66827,0.71132,0.70845,0.65227,0.53537,0.37992,0.20388,0.042008,0,0,0,0,0
0,0,0,0,0,0,0,0.029284,0.1974,0.16072,0.12178,0.14162,0.26034,0.35827,0.63894,0.5317,0.36729,0.19189,0.035483,0,0,0,0,0
0,0,0,0,0,0,0,0.089221,0.26525,0.43187,0.56448,0.65453,0.69919,0.69762,0.6501,0.53812,0.38553,0.20273,0.037592,0,0,0,0,0
0,0,0,0,0,0,0,0.075815,0.24477,0.40534,0.53307,0.62986,0.43066,0.59816,0.6504,0.50493,0.31424,0.17605,0.016409,0,0,0,0,0
0,0,0,0,0,0,0,0.072795,0.24094,0.40752,0.53766,0.6257,0.6732,0.68433,0.6224,0.51195,0.335,0.12892,0.017283,0,0,0,0,0
0,0,0,0,0,0,0,0.074248,0.23541,0.24863,0.22458,0.15865,0.12794,0.055278,0.033401,0.035142,0.025224,0.02065,0.010254,0,0,0,0,0
0,0,0,0,0,0,0,0.041442,0.24408,0.4206,0.51985,0.63754,0.73455,0.73401,0.46345,0.51605,0.33329,0.18217,0.025662,0,0,0,0,0
0,0,0,0,0,0,0,0.071487,0.24854,0.41843,0.56147,0.66444,0.72066,0.7237,0.57131,0.48746,0.29687,0.17103,0.021324,0,0,0,0,0
0,0,0,0,0,0,0,0.060729,0.23241,0.40158,0.5433,0.6518,0.70221,0.6932,0.61127,0.48321,0.32179,0.15133,0.0037102,0,0,0,0,0
0,0,0,0,0,0,0,0.063122,0.23985,0.40511,0.54171,0.6515,0.70117,0.69877,0.62196,0.49398,0.33096,0.16399,0.013114,0,0,0,0,0
0,0,0,0,0,0,0,0.065724,0.23284,0.3949,0.52393,0.61861,0.65163,0.68196,0.60362,0.47651,0.31704,0.15107,0.012448,0,0,0,0,0
0,0,0,0,0,0,0,0.058694,0.23637,0.40512,0.53622,0.64025,0.69086,0.68142,0.59978,0.47633,0.31438,0.15095,0.0063337,0,0,0,0,0
0,0,0,0,0,0,0,0.052563,0.22561,0.38704,0.51766,0.62027,0.66984,0.66375,0.58401,0.4553,0.29955,0.13991,0.010197,0,0,0,0,0
0,0,0,0,0,0,0,0.04968,0.21677,0.38426,0.51912,0.62512,0.67636,0.66679,0.58661,0.4659,0.30563,0.14151,0.0059511,0,0,0,0,0
0,0,0,0,0,0,0,0.046378,0.20854,0.36658,0.4938,0.60521,0.65639,0.65136,0.57148,0.44589,0.28676,0.12812,0.0053183,0,0,0,0,0
0,0,0,0,0,0,0,0.042362,0.21508,0.37504,0.50209,0.59985,0.64782,0.63523,0.55732,0.29793,0.056016,0.020919,0.0097169,0,0,0,0,0
0,0,0,0,0,0,0,0.046837,0.20992,0.34546,0.50697,0.64315,0.57882,0.58906,0.40467,0.34584,0.25258,0.063202,0,0,0,0,0,0
0,0,0,0,0,0,0,0.027603,0.21253,0.35469,0.45119,0.45677,0.42786,0.28668,0.31641,0.19788,0.12215,0.16593,0.0025221,0,0,0,0,0
0,0,0,0,0,0,0,0.042774,0.21199,0.37205,0.4886,0.59184,0.64307,0.6008,0.33352,0.24027,0.12928,0.042814,0,0,0,0,0,0
0,0,0,0,0,0,0,0.0002309,0.017793,0.039695,0.068382,0.24571,0.50769,0.28438,0.39091,0.2606,0.14631,0.0077214,0,0,0,0,0,0
0,0,0,0,0,0,0,0.036747,0.19237,0.35436,0.48827,0.59418,0.63907,0.63884,0.52626,0.18401,0.19316,0.043096,0,0,0,0,0,0
0,0,0,0,0,0,0,0.003876,0.032791,0.09477,0.17177,0.45496,0.40154,0.28846,0.19186,0.20211,0.16315,0.12554,0.0021084,0,0,0,0,0
0,0,0,0,0,0,0,0.043052,0.19278,0.43319,0.26569,0.24765,0.22595,0.39494,0.48953,0.29123,0.1054,0.034261,0,0,0,0,0,0
0,0,0,0,0,0,0,0.0089066,0.065557,0.11678,0.055682,0.063111,0.18202,0.16577,0.16292,0.17802,0.12834,0.03492,0,0,0,0,0,0
0,0,0,0,0,0,0,0.02901,0.17757,0.33614,0.47247,0.57659,0.62788,0.59345,0.53439,0.41038,0.22626,0.045441,0,0,0,0,0,0
0,0,0,0,0,0,0,0,0.011155,0.036922,0.099605,0.31036,0.5563,0.29488,0.16804,0.27235,0.15365,0.032777,0,0,0,0,0,0
0,0,0,0,0,0,0,0.028326,0.17057,0.33304,0.46658,0.56598,0.60998,0.59577,0.46767,0.25113,0.16242,0.05497,0,0,0,0,0,0
0,0,0,0,0,0,0,0.029649,0.17774,0.33348,0.46959,0.56626,0.61028,0.60626,0.51945,0.40154,0.24704,0.077503,0,0,0,0,0,0
0,0,0,0,0,0,0,0.025746,0.17332,0.3321,0.46715,0.55958,0.60495,0.59976,0.50981,0.39127,0.23934,0.07426,0,0,0,0,0,0
0,0,0,0,0,0,0,0.022699,0.14274,0.32021,0.45347,0.54833,0.59053,0.58491,0.49815,0.3776,0.22463,0.040657,0,0,0,0,0,0
0,0,0,0,0,0,0,0.023821,0.16634,0.31417,0.46256,0.55014,0.54066,0.4816,0.42521,0.22478,0.064909,0.013702,0,0,0,0,0,0
0,0,0,0,0,0,0,0.015975,0.12743,0.17235,0.27692,0.518,0.52443,0.41664,0.29265,0.081714,0.060405,0.010726,0,0,0,0,0,0
0,0,0,0,0,0,0,0.019872,0.15909,0.31356,0.42843,0.52038,0.54218,0.57478,0.49474,0.37201,0.22072,0.058921,0,0,0,0,0,0
0,0,0,0,0,0,0,0.019238,0.1542,0.3107,0.44372,0.52215,0.54284,0.57318,0.4848,0.36015,0.21233,0.054249,0,0,0,0,0,0
0,0,0,0,0,0,0,0.018276,0.14983,0.3039,0.42131,0.39826,0.51877,0.55782,0.47439,0.32786,0.1535,0.024498,0,0,0,0,0,0
0,0,0,0,0,0,0,0.0083901,0.040927,0.078143,0.16315,0.12806,0.06281,0.12515,0.25555,0.10252,0.034073,0.016574,0,0,0,0,0,0
0,0,0,0,0,0,0,0.0045139,0.075605,0.16683,0.23169,0.34254,0.37414,0.33305,0.39739,0.31217,0.19672,0.025814,0,0,0,0,0,0
0,0,0,0,0,0,0,0.017099,0.12076,0.19726,0.39091,0.24981,0.17967,0.11873,0.11202,0.10956,0.033075,0.016643,0,0,0,0,0,0
0,0,0,0,0,0,0,0,0.037245,0.03345,0.075936,0.17487,0.38978,0.51095,0.49056,0.30279,0.1776,0.0093822,0,0,0,0,0,0
0,0,0,0,0,0,0,0.0097882,0.13182,0.29481,0.4346,0.53886,0.57987,0.57828,0.49739,0.37336,0.18317,0.010952,0,0,0,0,0,0
0,0,0,0,0,0,0,0.0084706,0.12871,0.28965,0.42625,0.52604,0.56599,0.56236,0.48269,0.36076,0.20876,0.040022,0,0,0,0,0,0
0,0,0,0,0,0,0,0.00806,0.12989,0.29163,0.42348,0.51692,0.56012,0.55428,0.47186,0.33304,0.1829,0.03173,0,0,0,0,0,0
0,0,0,0,0,0,0,0.0058112,0.077303,0.24523,0.34557,0.54115,0.56048,0.54627,0.46278,0.34156,0.19155,0.028884,0,0,0,0,0,0
0,0,0,0,0,0,0,0,0.096849,0.29399,0.34543,0.32949,0.51368,0.52909,0.44902,0.33088,0.18116,0.026088,0,0,0,0,0,0
0,0,0,0,0,0,0,0.013969,0.13348,0.2354,0.398,0.49599,0.54218,0.53904,0.46179,0.37023,0.16573,0.040189,0,0,0,0,0,0
0,0,0,0,0,0,0,0,0.10673,0.26533,0.39204,0.4858,0.52682,0.51907,0.44075,0.32623,0.17569,0.020192,0,0,0,0,0,0
0,0,0,0,0,0,0,0.0042788,0.10424,0.25631,0.3788,0.46905,0.51061,0.50331,0.42765,0.31645,0.16895,0.01486,0,0,0,0,0,0
0,0,0,0,0,0,0,0.0026207,0.10041,0.2003,0.26143,0.43589,0.50008,0.49882,0.42587,0.31108,0.16122,0.013598,0,0,0,0,0,0
0,0,0,0,0,0,0,0.0034012,0.085413,0.26914,0.37941,0.4757,0.50499,0.50715,0.4301,0.29377,0.12211,0.011745,0,0,0,0,0,0
0,0,0,0,0,0,0,0.0014686,0.096643,0.25329,0.37238,0.45711,0.50042,0.49142,0.41521,0.30859,0.16081,0.003517,0,0,0,0,0,0
0,0,0,0,0,0,0,0.00029909,0.071466,0.25166,0.3682,0.44956,0.49565,0.49035,0.40674,0.29981,0.15963,0.018155,0,0,0,0,0,0
0,0,0,0,0,0,0,0,0.0423,0.11769,0.29198,0.44989,0.47633,0.03482,0.42284,0.30225,0.15532,0.0069076,0,0,0,0,0,0
0,0,0,0,0,0,0,0,0.06572,0.21053,0.32295,0.45727,0.48007,0.48086,0.37824,0.20066,0.080871,0.024009,0,0,0,0,0,0
0,0,0,0,0,0,0,0,0.055155,0.23438,0.27891,0.11171,0.049831,0.048842,0.070556,0.018822,0.0084112,0.0096977,0,0,0,0,0,0
0,0,0,0,0,0,0,0,0.079982,0.2369,0.2966,0.30196,0.26527,0.28195,0.34058,0.21802,0.086792,0.0078351,0,0,0,0,0,0
0,0,0,0,0,0,0,0,0.029251,0.07561,0.10778,0.11689,0.060725,0.081973,0.058741,0.022242,0.012434,0.00066359,0,0,0,0,0,0
0,0,0,0,0,0,0,0,0.075724,0.22689,0.35336,0.44124,0.48488,0.47743,0.4062,0.30274,0.13898,0.02123,0,0,0,0,0,0
0,0,0,0,0,0,0,0,0.07316,0.22006,0.33726,0.43317,0.51959,0.18193,0.28745,0.29329,0.11775,0.0059402,0,0,0,0,0,0
0,0,0,0,0,0,0,0,0.064767,0.10856,0.33207,0.43088,0.48078,0.44715,0.22786,0.10116,0.050318,0.0077784,0,0,0,0,0,0
0,0,0,0,0,0,0,0,0.016058,0.080106,0.13206,0.19336,0.40197,0.2619,0.14402,0.16405,0.079466,0.0097756,0,0,0,0,0,0
0,0,0,0,0,0,0,0,0.062129,0.20861,0.3353,0.39042,0.46918,0.24683,0.126,0.25313,0.0024062,0.00473,0,0,0,0,0,0
0,0,0,0,0,0,0,0,0.062004,0.20395,0.31439,0.40809,0.45456,0.45206,0.26076,0.14455,0.12445,0.010628,0,0,0,0,0,0
0,0,0,0,0,0,0,0,0.056457,0.21673,0.29328,0.15616,0.17635,0.49906,0.47366,0.3464,0.10552,0.010685,0,0,0,0,0,0
0,0,0,0,0,0,0,0,0.027171,0.11286,0.2284,0.29082,0.36414,0.33154,0.30164,0.19551,0.10222,0.0058242,0,0,0,0,0,0
0,0,0,0,0,0,0,0,0.028378,0.14425,0.26529,0.32951,0.38325,0.34697,0.3666,0.30019,0.1396,0.0038418,0,0,0,0,0,0
0,0,0,0,0,0,0,0,0.052562,0.18927,0.21071,0.35298,0.4271,0.33131,0.24882,0.17821,0.053081,0.0029731,0,0,0,0,0,0
0,0,0,0,0,0,0,0,0.04985,0.16382,0.31774,0.36131,0.45171,0.34966,0.18966,0.23264,0.16261,0.0021941,0,0,0,0,0,0
0,0,0,0,0,0,0,0,0.050571,0.18898,0.3156,0.40544,0.44787,0.44287,0.37533,0.26726,0.11568,0.0008325,0,0,0,0,0,0
0,0,0,0,0,0,0,0,0.013026,0.064857,0.17935,0.16453,0.17376,0.16175,0.12059,0.20566,0.076244,0.0027348,0,0,0,0,0,0
0,0,0,0,0,0,0,0,0.044245,0.18136,0.31213,0.40282,0.44713,0.44382,0.37994,0.27337,0.12638,0,0,0,0,0,0,0
0,0,0,0,0,0,0,0,0.042224,0.17654,0.30936,0.40859,0.35159,0.37203,0.36409,0.25778,0.11692,0,0,0,0,0,0,0
0,0,0,0,0,0,0,0,0.047647,0.18556,0.32011,0.26087,0.44281,0.42744,0.35716,0.2632,0.13005,0.0029763,0,0,0,0,0,0
0,0,0,0,0,0,0,0,0.039785,0.1736,0.29929,0.39256,0.4295,0.089593,0.080367,0.095258,0.030981,0,0,0,0,0,0,0
0,0,0,0,0,0,0,0,0.021489,0.073532,0.092832,0.16658,0.22387,0.14775,0.14929,0.10167,0.040784,0.0025523,0,0,0,0,0,0
0,0,0,0,0,0,0,0,0.036531,0.16618,0.29749,0.39612,0.44521,0.25163,0.19929,0.133,0.068033,0,0,0,0,0,0,0
0,0,0,0,0,0,0,0,0.0074953,0.046861,0.15069,0.30178,0.4192,0.28674,0.36842,0.26095,0.12048,0.0061687,0,0,0,0,0,0
0,0,0,0,0,0,0,0,0.043788,0.13749,0.29583,0.33602,0.42444,0.40568,0.36235,0.27567,0.10738,0,0,0,0,0,0,0
0,0,0,0,0,0,0,0,0.0011483,0.085497,0.31231,0.4002,0.44832,0.43833,0.26638,0.17367,0.035523,0.0033042,0,0,0,0,0,0
0,0,0,0,0,0,0,0,0.0043991,0.067954,0.21108,0.36039,0.4029,0.40321,0.34223,0.18001,0.10018,0.0013024,0,0,0,0,0,0
0,0,0,0,0,0,0,0,0.021129,0.062189,0.10887,0.21886,0.13701,0.17487,0.22083,0.18248,0.094605,0.0012965,0,0,0,0,0,0
0,0,0,0,0,0,0,0,0.039301,0.15852,0.26732,0.29015,0.20152,0.19589,0.30401,0.10304,0.086516,2.3606e-06,0,0,0,0,0,0
0,0,0,0,0,0,0,0,0.0086083,0.058963,0.14803,0.15431,0.19946,0.21947,0.34703,0.24205,0.10937,0,0,0,0,0,0,0
0,0,0,0,0,0,0,0,0.037257,0.13092,0.24291,0.24895,0.28142,0.12464,0.074465,0.11825,0.13773,0.012206,0,0,0,0,0,0
0,0,0,0,0,0,0,0,0.014887,0.12745,0.098698,0.13281,0.18866,0.25856,0.21571,0.19087,0.13904,0.0024229,0,0,0,0,0,0
0,0,0,0,0,0,0,0,0.0064156,0.069476,0.12111,0.35621,0.32425,0.38105,0.36823,0.24185,0.060655,0,0,0,0,0,0,0
0,0,0,0,0,0,0,0,0.023763,0.12548,0.21243,0.2183,0.39745,0.35748,0.36412,0.2387,0.072133,0,0,0,0,0,0,0
0,0,0,0,0,0,0,0,0.023356,0.12284,0.23777,0.35294,0.39816,0.40089,0.32958,0.14472,0.08554,0.0026282,0,0,0,0,0,0
0,0,0,0,0,0,0,0,0.025218,0.074767,0.14311,0.11784,0.13035,0.22437,0.43861,0.32897,0.1551,0.0087376,0,0,0,0,0,0
0,0,0,0,0,0,0,0,0.011696,0.098647,0.28134,0.27307,0.37109,0.39884,0.30281,0.25523,0.099035,0.0028008,0,0,0,0,0,0
0,0,0,0,0,0,0,0,0.0072835,0.0921,0.20378,0.18754,0.32133,0.31737,0.19576,0.16909,0.0047541,0,0,0,0,0,0,0
0,0,0,0,0,0,0,0,0.016401,0.12661,0.25631,0.35611,0.40699,0.40391,0.34655,0.24419,0.1156,0,0,0,0,0,0,0
0,0,0,0,0,0,0,0,0.0029655,0.086356,0.15403,0.30338,0.1736,0.063195,0.058151,0.064775,0.035089,0.0015362,0,0,0,0,0,0
0,0,0,0,0,0,0,0,0.015223,0.14013,0.24779,0.35064,0.39533,0.3327,0.29348,0.12792,0.041883,0.0038117,0,0,0,0,0,0
0,0,0,0,0,0,0,0,0.024763,0.14557,0.24334,0.34464,0.39011,0.37019,0.26943,0.081448,0.047332,0,0,0,0,0,0,0
0,0,0,0,0,0,0,0,0.0028867,0.16747,0.22557,0.37728,0.29536,0.31015,0.2066,0.14174,0.064541,0.0013867,0,0,0,0,0,0
0,0,0,0,0,0,0,0,0.0022413,0.02747,0.078729,0.14278,0.17152,0.28885,0.25574,0.1069,0.049137,0.0031405,0,0,0,0,0,0
0,0,0,0,0,0,0,0,0.010025,0.11122,0.1508,0.21823,0.35817,0.37938,0.32516,0.22892,0.08163,0.0055704,0,0,0,0,0,0
0,0,0,0,0,0,0,0,0.0045488,0.093501,0.2389,0.35266,0.29666,0.3318,0.16232,0.17732,0.053737,0.0035867,0,0,0,0,0,0
0,0,0,0,0,0,0,0,0.0083876,0.10465,0.23401,0.33535,0.38009,0.28352,0.17291,0.097709,0.078094,0.011361,0,0,0,0,0,0
0,0,0,0,0,0,0,0,0.013264,0.12403,0.25443,0.35519,0.40738,0.41356,0.3761,0.25702,0.1218,0.0040902,0,0,0,0,0,0
0,0,0,0,0,0,0,0,0.014293,0.12586,0.24153,0.33078,0.40317,0.38352,0.32004,0.16402,0.15729,0.0093468,0,0,0,0,0,0
0,0,0,0,0,0,0,0,0.015372,0.056689,0.16556,0.32148,0.40869,0.3938,0.31411,0.2017,0.055058,0.006791,0,0,0,0,0,0
0,0,0,0,0,0,0,0,0.0072659,0.10698,0.21524,0.35248,0.40631,0.4104,0.36004,0.26299,0.10226,0.012744,0,0,0,0,0,0
0,0,0,0,0,0,0,0,0.00078957,0.065787,0.18101,0.22863,0.28392,0.27516,0.27438,0.2094,0.12141,0.0089426,0,0,0,0,0,0
0,0,0,0,0,0,0,0,0,0.022792,0.018277,0.079952,0.11532,0.10277,0.053536,0.059144,0.035357,0.0017244,0,0,0,0,0,0
